"STATION","DATE","LATITUDE","LONGITUDE","ELEVATION","NAME","TEMP","TEMP_ATTRIBUTES","DEWP","DEWP_ATTRIBUTES","SLP","SLP_ATTRIBUTES","STP","STP_ATTRIBUTES","VISIB","VISIB_ATTRIBUTES","WDSP","WDSP_ATTRIBUTES","MXSPD","GUST","MAX","MAX_ATTRIBUTES","MIN","MIN_ATTRIBUTES","PRCP","PRCP_ATTRIBUTES","SNDP","FRSHTT"
"71560099999","2024-01-01","49.0","-97.2333333","242.0","EMERSON AUT MAN, CA","  18.5"," 8","  16.0"," 8","1021.4"," 8","989.6"," 8","999.9"," 0"," 11.8"," 8"," 18.1","999.9","  30.9","*","  13.6","*"," 0.01","G","  3.9","000000"
"71560099999","2024-01-02","49.0","-97.2333333","242.0","EMERSON AUT MAN, CA","  28.9"," 8","  26.2"," 8","1016.5"," 8","985.9"," 8","999.9"," 0","  8.6"," 8"," 12.0","999.9","  32.2"," ","  15.4"," "," 0.04","G","  3.9","000000"
"71560099999","2024-01-03","49.0","-97.2333333","242.0","EMERSON AUT MAN, CA","  19.9"," 8","  15.7"," 8","1024.6"," 8","993.2"," 8","999.9"," 0","  9.9"," 8"," 13.0","999.9","  32.2"," ","  15.4"," "," 0.00","G","  3.9","000000"
"71560099999","2024-01-04","49.0","-97.2333333","242.0","EMERSON AUT MAN, CA","  15.5"," 8","   9.7"," 8","1027.5"," 8","995.4"," 8","999.9"," 0","  8.5"," 8"," 17.1","999.9","  23.0"," ","  11.3"," "," 0.03","G","  3.9","000000"
"71560099999","2024-01-05","49.0","-97.2333333","242.0","EMERSON AUT MAN, CA","  23.7"," 8","  21.0"," 8","1018.0"," 8","986.7"," 8","999.9"," 0","  6.0"," 8"," 13.0","999.9","  25.2"," ","  11.3"," "," 0.02","G","  3.9","000000"
"71560099999","2024-01-06","49.0","-97.2333333","242.0","EMERSON AUT MAN, CA","  17.1"," 8","  15.0"," 8","1012.6"," 8","981.5"," 8","999.9"," 0"," 11.1"," 8"," 17.1","999.9","  25.5"," ","   8.1"," "," 0.06","G","  3.9","000000"
"71560099999","2024-01-07","49.0","-97.2333333","242.0","EMERSON AUT MAN, CA","   2.1"," 8","  -1.5"," 8","1018.9"," 8","986.0"," 8","999.9"," 0","  8.4"," 8"," 11.1","999.9","   5.0","*","  -0.9","*"," 0.00","G","  4.7","000000"
"71560099999","2024-01-08","49.0","-97.2333333","242.0","EMERSON AUT MAN, CA","   5.9"," 8","   1.9"," 8","1026.8"," 8","993.6"," 8","999.9"," 0","  3.4"," 8","  5.1","999.9","   9.0","*","   3.6","*"," 0.03","G","  4.3","000000"
"71560099999","2024-01-09","49.0","-97.2333333","242.0","EMERSON AUT MAN, CA","   1.7"," 8","  -1.7"," 8","1017.3"," 8","984.4"," 8","999.9"," 0","  3.0"," 8","  7.0","999.9","  10.6"," ","  -7.2"," "," 0.02","G","  4.3","000000"
"71560099999","2024-01-10","49.0","-97.2333333","242.0","EMERSON AUT MAN, CA","  11.3"," 8","   8.3"," 8","1000.6"," 8","968.5"," 8","999.9"," 0","  8.6"," 8","  9.9","999.9","  20.3","*","   2.8","*"," 0.01","G","  4.3","000000"
"71560099999","2024-01-11","49.0","-97.2333333","242.0","EMERSON AUT MAN, CA","   7.0"," 8","   3.5"," 8","1006.2"," 8","974.3"," 8","999.9"," 0"," 14.1"," 8"," 25.1","999.9","  15.3","*","  -0.9","*"," 0.03","G","  4.3","000000"
"71560099999","2024-01-12","49.0","-97.2333333","242.0","EMERSON AUT MAN, CA","  -5.8"," 8"," -10.3"," 8","1023.3"," 8","989.4"," 8","999.9"," 0"," 14.5"," 8"," 18.1","999.9","  12.2"," ","  -9.9"," "," 0.01","G","  4.7","000000"
"71560099999","2024-01-13","49.0","-97.2333333","242.0","EMERSON AUT MAN, CA","  -5.8"," 8"," -10.4"," 8","1022.9"," 8","988.9"," 8","999.9"," 0"," 19.9"," 8"," 24.1","999.9","  -2.0","*"," -11.4","*"," 0.01","G","  5.5","000000"
"71560099999","2024-01-14","49.0","-97.2333333","242.0","EMERSON AUT MAN, CA"," -12.8"," 8"," -19.4"," 8","1026.6"," 8","991.8"," 8","999.9"," 0"," 13.6"," 8"," 19.0","999.9","  -1.8"," "," -17.3"," "," 0.01","G","  6.7","000000"
"71560099999","2024-01-15","49.0","-97.2333333","242.0","EMERSON AUT MAN, CA"," -11.1"," 8"," -18.1"," 8","1025.2"," 8","990.4"," 8","999.9"," 0"," 14.3"," 8"," 18.1","999.9","  -4.0","*"," -15.3","*"," 0.01","G","  6.3","000000"
"71560099999","2024-01-16","49.0","-97.2333333","242.0","EMERSON AUT MAN, CA","  -3.5"," 8","  -9.6"," 8","1013.8"," 8","980.0"," 8","999.9"," 0"," 16.0"," 8"," 20.0","999.9","   2.7","*","  -6.5","*"," 0.00","G","  5.9","000000"
"71560099999","2024-01-17","49.0","-97.2333333","242.0","EMERSON AUT MAN, CA","  -2.6"," 8","  -7.9"," 8","1010.7"," 8","977.4"," 8","999.9"," 0","  7.1"," 8","  8.9","999.9","   2.8"," ","  -7.6"," "," 0.03","G","  5.9","000000"
"71560099999","2024-01-18","49.0","-97.2333333","242.0","EMERSON AUT MAN, CA","  -5.6"," 8"," -11.2"," 8","1023.1"," 8","989.2"," 8","999.9"," 0","  8.0"," 8"," 12.0","999.9","   2.5"," "," -12.8"," "," 0.00","G","  5.9","000000"
"71560099999","2024-01-19","49.0","-97.2333333","242.0","EMERSON AUT MAN, CA","  -3.5"," 8","  -8.4"," 8","1034.8"," 8","000.5"," 8","999.9"," 0","  5.4"," 8"," 12.0","999.9","   1.6","*"," -10.7","*"," 0.03","G","  7.1","000000"
"71560099999","2024-01-20","49.0","-97.2333333","242.0","EMERSON AUT MAN, CA","   0.1"," 8","  -4.5"," 8","1037.4"," 8","003.4"," 8","999.9"," 0","  7.0"," 8"," 13.0","999.9","   3.6","*","  -3.3","*"," 0.00","G","  6.7","000000"
"71560099999","2024-01-21","49.0","-97.2333333","242.0","EMERSON AUT MAN, CA","   9.3"," 8","   4.4"," 8","1016.7"," 8","984.0"," 8","999.9"," 0"," 17.1"," 8"," 22.9","999.9","  16.9","*","   3.0","*"," 0.00","G","  5.1","000000"
"71560099999","2024-01-22","49.0","-97.2333333","242.0","EMERSON AUT MAN, CA","  15.2"," 8","  11.7"," 8","1017.8"," 8","985.9"," 8","999.9"," 0","  8.2"," 8"," 13.0","999.9","  18.1"," ","   6.8"," "," 0.08","G","  5.5","000000"
"71560099999","2024-01-23","49.0","-97.2333333","242.0","EMERSON AUT MAN, CA","  15.1"," 8","  11.7"," 8","1026.6"," 8","994.3"," 8","999.9"," 0","  7.4"," 8"," 15.0","999.9","  25.5","*","   7.2","*"," 0.02","G","  5.5","000000"
"71560099999","2024-01-24","49.0","-97.2333333","242.0","EMERSON AUT MAN, CA","  28.6"," 8","  27.5"," 8","1016.9"," 8","986.1"," 8","999.9"," 0"," 13.2"," 8"," 21.0","999.9","  29.5","*","  26.2","*"," 0.00","G","  5.1","000000"
"71560099999","2024-01-25","49.0","-97.2333333","242.0","EMERSON AUT MAN, CA","  27.0"," 8","  26.4"," 8","1018.5"," 8","987.8"," 8","999.9"," 0","  3.0"," 8","  5.8","999.9","  29.7"," ","  25.9"," "," 0.00","G","  5.1","000000"
"71560099999","2024-01-26","49.0","-97.2333333","242.0","EMERSON AUT MAN, CA","  24.9"," 8","  24.9"," 8","1020.7"," 8","989.7"," 8","999.9"," 0","  8.7"," 8"," 12.0","999.9","  27.5"," ","  23.2"," "," 0.00","G","  5.1","000000"
"71560099999","2024-01-27","49.0","-97.2333333","242.0","EMERSON AUT MAN, CA","  20.3"," 8","  18.7"," 8","1023.9"," 8","992.5"," 8","999.9"," 0","  4.0"," 8","  8.9","999.9","  28.6","*","  12.0","*"," 0.00","G","  5.1","000000"
"71560099999","2024-01-28","49.0","-97.2333333","242.0","EMERSON AUT MAN, CA","  24.1"," 8","  22.0"," 8","1021.0"," 8","989.7"," 8","999.9"," 0","  6.9"," 8","  8.9","999.9","  34.5","*","  18.9","*"," 0.00","G","  5.1","000000"
"71560099999","2024-01-29","49.0","-97.2333333","242.0","EMERSON AUT MAN, CA","  30.5"," 8","  28.0"," 8","1015.4"," 8","984.9"," 8","999.9"," 0","  8.5"," 8"," 15.9","999.9","  36.9","*","  24.8","*"," 0.00","G","  5.1","000000"
"71560099999","2024-01-30","49.0","-97.2333333","242.0","EMERSON AUT MAN, CA","  34.0"," 8","  32.4"," 8","1017.5"," 8","987.4"," 8","999.9"," 0"," 10.4"," 8"," 15.0","999.9","  37.2"," ","  24.1"," "," 0.00","G","  4.3","000000"
"71560099999","2024-01-31","49.0","-97.2333333","242.0","EMERSON AUT MAN, CA","  36.7"," 8","  33.8"," 8","1010.5"," 8","980.8"," 8","999.9"," 0","  7.8"," 8"," 15.0","999.9","  47.7","*","  31.3","*"," 0.00","G","  3.1","000000"
"71560099999","2024-02-01","49.0","-97.2333333","242.0","EMERSON AUT MAN, CA","  30.1"," 8","  29.0"," 8","1016.8"," 8","986.6"," 8","999.9"," 0","  4.1"," 8","  7.0","999.9","  47.8"," ","  25.2"," "," 0.03","G","  2.0","000000"
"71560099999","2024-02-02","49.0","-97.2333333","242.0","EMERSON AUT MAN, CA","  30.1"," 8","  29.0"," 8","1018.4"," 8","987.9"," 8","999.9"," 0","  6.9"," 8"," 14.0","999.9","  34.5"," ","  25.2"," "," 0.00","G","  1.6","000000"
"71560099999","2024-02-03","49.0","-97.2333333","242.0","EMERSON AUT MAN, CA","  32.6"," 8","  31.8"," 8","1015.5"," 8","985.3"," 8","999.9"," 0","  8.5"," 8"," 12.0","999.9","  35.1"," ","  26.4"," "," 0.00","G","  1.6","000000"
"71560099999","2024-02-04","49.0","-97.2333333","242.0","EMERSON AUT MAN, CA","  33.0"," 8","  32.9"," 8","1020.5"," 8","990.2"," 8","999.9"," 0","  6.4"," 8"," 11.1","999.9","  34.7"," ","  30.4"," "," 0.00","G","  1.6","000000"
"71560099999","2024-02-05","49.0","-97.2333333","242.0","EMERSON AUT MAN, CA","  32.1"," 8","  32.1"," 8","1021.2"," 8","990.8"," 8","999.9"," 0","  7.7"," 8"," 13.0","999.9","  34.9","*","  30.4","*"," 0.01","G","  1.6","000000"
"71560099999","2024-02-06","49.0","-97.2333333","242.0","EMERSON AUT MAN, CA","  33.7"," 8","  33.7"," 8","1015.6"," 8","985.5"," 8","999.9"," 0","  6.0"," 8","  9.9","999.9","  35.8"," ","  30.4"," "," 0.03","G","  1.2","000000"
"71560099999","2024-02-07","49.0","-97.2333333","242.0","EMERSON AUT MAN, CA","  33.4"," 8","  32.7"," 8","1013.8"," 8","983.7"," 8","999.9"," 0","  6.0"," 8","  8.9","999.9","  36.5","*","  32.2","*"," 0.00","G","  1.2","000000"
"71560099999","2024-02-08","49.0","-97.2333333","242.0","EMERSON AUT MAN, CA","  36.3"," 8","  35.2"," 8"," 995.1"," 8","965.8"," 8","999.9"," 0","  9.8"," 8"," 21.0","999.9","  38.5","*","  30.9","*"," 0.05","G","  0.4","000000"
"71560099999","2024-02-09","49.0","-97.2333333","242.0","EMERSON AUT MAN, CA","  19.4"," 8","  16.7"," 8","1004.7"," 8","974.0"," 8","999.9"," 0"," 22.5"," 8"," 26.0","999.9","  38.5"," ","  14.2"," "," 0.10","G","  0.4","000000"
"71560099999","2024-02-10","49.0","-97.2333333","242.0","EMERSON AUT MAN, CA","  23.4"," 8","  20.2"," 8","1017.8"," 8","986.5"," 8","999.9"," 0","  7.5"," 8"," 13.0","999.9","  30.2","*","  20.8","*"," 0.02","G","  0.4","000000"
"71560099999","2024-02-11","49.0","-97.2333333","242.0","EMERSON AUT MAN, CA","  22.6"," 8","  17.2"," 8","1016.6"," 8","985.6"," 8","999.9"," 0","  9.7"," 8"," 14.0","999.9","  30.2"," ","  12.7"," "," 0.00","G","  0.4","000000"
"71560099999","2024-02-12","49.0","-97.2333333","242.0","EMERSON AUT MAN, CA","  23.4"," 8","  20.7"," 8","1013.2"," 8","982.2"," 8","999.9"," 0","  6.1"," 8","  9.9","999.9","  30.2","*","  17.8","*"," 0.05","G","  0.4","000000"
"71560099999","2024-02-13","49.0","-97.2333333","242.0","EMERSON AUT MAN, CA","  26.4"," 8","  21.8"," 8","1016.8"," 8","986.0"," 8","999.9"," 0","  6.4"," 8"," 15.0","999.9","  30.4"," ","  15.4"," "," 0.02","G","  0.4","000000"
"71560099999","2024-02-14","49.0","-97.2333333","242.0","EMERSON AUT MAN, CA","  24.7"," 8","  19.6"," 8","1016.5"," 8","985.7"," 8","999.9"," 0"," 11.2"," 8"," 15.0","999.9","  32.0"," ","  18.1"," "," 0.01","G","999.9","000000"
"71560099999","2024-02-15","49.0","-97.2333333","242.0","EMERSON AUT MAN, CA","  11.9"," 8","   5.7"," 8","1025.8"," 8","993.8"," 8","999.9"," 0"," 13.7"," 8"," 17.1","999.9","  25.3"," ","   5.5"," "," 0.01","G","999.9","000000"
"71560099999","2024-02-16","49.0","-97.2333333","242.0","EMERSON AUT MAN, CA","   4.4"," 8","  -2.6"," 8","1032.0"," 8","998.7"," 8","999.9"," 0","  9.6"," 8"," 12.2","999.9","  15.1"," ","  -3.1"," "," 0.00","G","999.9","000000"
"71560099999","2024-02-17","49.0","-97.2333333","242.0","EMERSON AUT MAN, CA","  20.9"," 8","  11.6"," 8","1015.2"," 8","983.5"," 8","999.9"," 0"," 13.1"," 8"," 19.0","999.9","  32.9","*","  14.4","*"," 0.00","G","999.9","000000"
"71560099999","2024-02-18","49.0","-97.2333333","242.0","EMERSON AUT MAN, CA","  22.3"," 8","  15.2"," 8","1012.1"," 8","981.2"," 8","999.9"," 0","  9.0"," 8"," 11.1","999.9","  33.3"," ","  13.5"," "," 0.00","G","999.9","000000"
"71560099999","2024-02-19","49.0","-97.2333333","242.0","EMERSON AUT MAN, CA","  18.9"," 8","  10.0"," 8","1017.8"," 8","986.2"," 8","999.9"," 0","  5.3"," 8","  8.0","999.9","  35.1","*","  10.6","*"," 0.04","G","999.9","000000"
"71560099999","2024-02-20","49.0","-97.2333333","242.0","EMERSON AUT MAN, CA","  24.2"," 8","  17.0"," 8","1015.1"," 8","984.1"," 8","999.9"," 0","  3.6"," 8","  7.0","999.9","  36.1"," ","   9.7"," "," 0.06","G","999.9","000000"
"71560099999","2024-02-21","49.0","-97.2333333","242.0","EMERSON AUT MAN, CA","  24.2"," 8","  19.4"," 8","1014.5"," 8","983.6"," 8","999.9"," 0","  2.7"," 8","  5.1","999.9","  32.9","*","  16.7","*"," 0.04","G","999.9","000000"
"71560099999","2024-02-22","49.0","-97.2333333","242.0","EMERSON AUT MAN, CA","  30.8"," 8","  24.5"," 8","1010.8"," 8","980.4"," 8","999.9"," 0","  8.5"," 8"," 18.1","999.9","  43.3","*","  23.2","*"," 0.02","G","999.9","000000"
"71560099999","2024-02-23","49.0","-97.2333333","242.0","EMERSON AUT MAN, CA","  19.5"," 8","  11.1"," 8","1015.8"," 8","984.9"," 8","999.9"," 0","  9.8"," 8"," 13.0","999.9","  43.9"," ","   9.5"," "," 0.00","G","999.9","000000"
"71560099999","2024-02-24","49.0","-97.2333333","242.0","EMERSON AUT MAN, CA","  26.4"," 8","  17.4"," 8","1008.0"," 8","977.1"," 8","999.9"," 0"," 13.4"," 8"," 21.0","999.9","  45.5","*","  18.1","*"," 0.00","G","999.9","000000"
"71560099999","2024-02-25","49.0","-97.2333333","242.0","EMERSON AUT MAN, CA","  29.4"," 8","  20.9"," 8","1005.7"," 8","975.8"," 8","999.9"," 0"," 10.1"," 8"," 13.0","999.9","  47.3"," ","  19.2"," "," 0.00","G","999.9","000000"
"71560099999","2024-02-26","49.0","-97.2333333","242.0","EMERSON AUT MAN, CA","  29.3"," 8","  24.4"," 8","1000.0"," 8","969.8"," 8","999.9"," 0"," 12.1"," 8"," 18.1","999.9","  36.7"," ","  20.1"," "," 0.09","G","  3.5","000000"
"71560099999","2024-02-27","49.0","-97.2333333","242.0","EMERSON AUT MAN, CA","   9.9"," 8","   7.2"," 8","1007.6"," 8","976.3"," 8","999.9"," 0"," 23.4"," 8"," 27.0","999.9","  26.1","*","   1.4","*"," 0.05","G","  0.4","000000"
"71560099999","2024-02-28","49.0","-97.2333333","242.0","EMERSON AUT MAN, CA","  -3.3"," 7"," -10.8"," 7","1025.2"," 7","991.5"," 7","999.9"," 0","  9.3"," 7"," 20.0","999.9","  14.7"," ","  -7.2"," "," 0.02","G","  0.4","000000"
"71560099999","2024-02-29","49.0","-97.2333333","242.0","EMERSON AUT MAN, CA","   8.5"," 8","   0.3"," 8","1022.3"," 8","989.3"," 8","999.9"," 0","  8.3"," 8"," 13.0","999.9","  23.9","*","   0.5","*"," 0.00","G","  0.4","000000"
"71560099999","2024-03-01","49.0","-97.2333333","242.0","EMERSON AUT MAN, CA","  24.6"," 7","  16.5"," 7","1005.8"," 7","974.9"," 7","999.9"," 0","  8.9"," 7"," 11.1","999.9","  37.6","*","  18.5","*"," 0.00","G","  0.4","000000"
"71560099999","2024-03-02","49.0","-97.2333333","242.0","EMERSON AUT MAN, CA","  26.0"," 8","  18.8"," 8","1014.4"," 8","983.9"," 8","999.9"," 0"," 11.2"," 8"," 15.9","999.9","  46.9"," ","  19.2"," "," 0.00","G","  1.2","000000"
"71560099999","2024-03-03","49.0","-97.2333333","242.0","EMERSON AUT MAN, CA","  31.6"," 8","  26.4"," 8","1004.9"," 8","974.7"," 8","999.9"," 0"," 12.9"," 8"," 15.0","999.9","  35.8","*","  25.7","*"," 0.00","G","  1.2","000000"
"71560099999","2024-03-04","49.0","-97.2333333","242.0","EMERSON AUT MAN, CA","  19.8"," 8","  13.3"," 8","1004.6"," 8","974.1"," 8","999.9"," 0"," 21.6"," 8"," 33.0","999.9","  36.5"," ","   9.5"," "," 0.13","G","  1.2","000000"
"71560099999","2024-03-05","49.0","-97.2333333","242.0","EMERSON AUT MAN, CA","  11.5"," 8","   2.4"," 8","1024.8"," 8","992.5"," 8","999.9"," 0","  6.8"," 8"," 12.0","999.9","  20.3"," ","   5.5"," "," 0.00","G","  1.6","000000"
"71560099999","2024-03-06","49.0","-97.2333333","242.0","EMERSON AUT MAN, CA","  16.9"," 8","   9.9"," 8","1022.1"," 8","990.0"," 8","999.9"," 0","  9.2"," 8"," 14.0","999.9","  28.8","*","  10.2","*"," 0.00","G","  1.6","000000"
"71560099999","2024-03-07","49.0","-97.2333333","242.0","EMERSON AUT MAN, CA","  12.3"," 7","   7.6"," 7","1016.0"," 7","984.3"," 7","999.9"," 0"," 11.6"," 7"," 18.1","999.9","  33.6"," ","   0.7"," "," 0.11","G","  2.0","000000"
"71560099999","2024-03-08","49.0","-97.2333333","242.0","EMERSON AUT MAN, CA","  16.8"," 8","  10.9"," 8","1027.2"," 8","995.1"," 8","999.9"," 0","  2.6"," 8","  5.1","999.9","  23.7","*","  14.0","*"," 0.04","G","  2.0","000000"
"71560099999","2024-03-09","49.0","-97.2333333","242.0","EMERSON AUT MAN, CA","  13.2"," 8","   8.5"," 8","1025.6"," 8","993.4"," 8","999.9"," 0","  2.4"," 8","  8.0","999.9","  30.0","*","   1.2","*"," 0.04","G","  2.0","000000"
"71560099999","2024-03-10","49.0","-97.2333333","242.0","EMERSON AUT MAN, CA","  30.3"," 8","  21.4"," 8","1016.7"," 8","985.9"," 8","999.9"," 0"," 11.5"," 8"," 20.0","999.9","  43.5","*","  23.7","*"," 0.00","G","  2.0","000000"
"71560099999","2024-03-11","49.0","-97.2333333","242.0","EMERSON AUT MAN, CA","  38.5"," 8","  32.3"," 8","1008.1"," 8","978.5"," 8","999.9"," 0","  7.8"," 8"," 13.0","999.9","  54.5","*","  29.1","*"," 0.03","G","  1.2","000000"
"71560099999","2024-03-12","49.0","-97.2333333","242.0","EMERSON AUT MAN, CA","  37.0"," 8","  33.9"," 8","1007.4"," 8","978.0"," 8","999.9"," 0","  7.2"," 8","  9.9","999.9","  55.2"," ","  28.2"," "," 0.02","G","  0.4","000000"
"71560099999","2024-03-13","49.0","-97.2333333","242.0","EMERSON AUT MAN, CA","  32.6"," 8","  32.1"," 8","1014.4"," 8","984.4"," 8","999.9"," 0","  4.0"," 8","  6.0","999.9","  43.5"," ","  27.9"," "," 0.00","G","  0.4","000000"
"71560099999","2024-03-14","49.0","-97.2333333","242.0","EMERSON AUT MAN, CA","  34.0"," 8","  33.6"," 8","1023.7"," 8","993.4"," 8","999.9"," 0","  6.7"," 8"," 11.1","999.9","  41.2"," ","  27.9"," "," 0.00","G","999.9","000000"
"71560099999","2024-03-15","49.0","-97.2333333","242.0","EMERSON AUT MAN, CA","  34.4"," 8","  31.7"," 8","1020.9"," 8","990.7"," 8","999.9"," 0"," 10.6"," 8"," 17.1","999.9","  44.8","*","  30.2","*"," 0.00","G","999.9","000000"
"71560099999","2024-03-16","49.0","-97.2333333","242.0","EMERSON AUT MAN, CA","  33.2"," 8","  27.1"," 8","1011.0"," 8","981.2"," 8","999.9"," 0"," 21.6"," 8"," 26.0","999.9","  42.8","*","  26.4","*"," 0.01","G","999.9","000000"
"71560099999","2024-03-17","49.0","-97.2333333","242.0","EMERSON AUT MAN, CA","  19.4"," 8","  10.7"," 8","1025.7"," 8","994.3"," 8","999.9"," 0"," 19.5"," 8"," 24.1","999.9","  35.4"," ","  15.8"," "," 0.01","G","999.9","000000"
"71560099999","2024-03-18","49.0","-97.2333333","242.0","EMERSON AUT MAN, CA","  20.6"," 8","  12.4"," 8","1024.6"," 8","992.9"," 8","999.9"," 0"," 12.4"," 8"," 22.0","999.9","  41.4","*","  10.9","*"," 0.00","G","999.9","000000"
"71560099999","2024-03-19","49.0","-97.2333333","242.0","EMERSON AUT MAN, CA","  31.4"," 8","  23.6"," 8","1009.9"," 8","979.8"," 8","999.9"," 0"," 18.7"," 8"," 28.0","999.9","  44.4"," ","  10.0"," "," 0.00","G","999.9","000000"
"71560099999","2024-03-20","49.0","-97.2333333","242.0","EMERSON AUT MAN, CA","  13.2"," 8","   1.5"," 8","1027.4"," 8","995.4"," 8","999.9"," 0"," 13.2"," 8"," 22.0","999.9","  17.8","*","   7.7","*"," 0.00","G","999.9","000000"
"71560099999","2024-03-21","49.0","-97.2333333","242.0","EMERSON AUT MAN, CA","  16.2"," 8","   3.0"," 8","1029.0"," 8","996.8"," 8","999.9"," 0","  4.0"," 8","  8.0","999.9","  26.6","*","   7.9","*"," 0.00","G","999.9","000000"
"71560099999","2024-03-22","49.0","-97.2333333","242.0","EMERSON AUT MAN, CA","  20.0"," 8","   4.7"," 8","1029.1"," 8","997.4"," 8","999.9"," 0","  7.5"," 8"," 11.1","999.9","  27.7"," ","   7.5"," "," 0.00","G","999.9","000000"
"71560099999","2024-03-23","49.0","-97.2333333","242.0","EMERSON AUT MAN, CA","  14.4"," 8","   1.2"," 8","1031.2"," 8","999.0"," 8","999.9"," 0","  4.9"," 8"," 12.0","999.9","  26.4"," ","   3.6"," "," 0.00","G","999.9","000000"
"71560099999","2024-03-24","49.0","-97.2333333","242.0","EMERSON AUT MAN, CA","  21.1"," 8","   4.5"," 8","1022.2"," 8","990.6"," 8","999.9"," 0","  7.7"," 8"," 15.0","999.9","  31.1"," ","   3.6"," "," 0.00","G","999.9","000000"
"71560099999","2024-03-25","49.0","-97.2333333","242.0","EMERSON AUT MAN, CA","  23.1"," 8","   3.8"," 8","1019.4"," 8","988.3"," 8","999.9"," 0"," 16.1"," 8"," 21.0","999.9","  32.9"," ","  12.0"," "," 0.00","G","999.9","000000"
"71560099999","2024-03-26","49.0","-97.2333333","242.0","EMERSON AUT MAN, CA","  18.9"," 6","  11.2"," 6","1015.6"," 6","984.4"," 6","999.9"," 0"," 16.2"," 6"," 21.0","999.9","  29.5"," ","  13.6"," "," 0.00","G","999.9","000000"
"71560099999","2024-03-27","49.0","-97.2333333","242.0","EMERSON AUT MAN, CA","  14.3"," 5","   9.8"," 5","1014.6"," 5","983.0"," 5","999.9"," 0"," 16.4"," 5"," 19.0","999.9","  22.5"," ","   9.9"," "," 0.00","G","999.9","000000"
"71560099999","2024-04-03","49.0","-97.2333333","242.0","EMERSON AUT MAN, CA","  34.5"," 8","  26.8"," 8","1018.6"," 8","988.4"," 8","999.9"," 0","  8.7"," 8"," 13.0","999.9","  49.5","*","  24.1","*"," 0.00","G","999.9","000000"
"71560099999","2024-04-04","49.0","-97.2333333","242.0","EMERSON AUT MAN, CA","  35.6"," 8","  19.8"," 8","1018.3"," 8","988.3"," 8","999.9"," 0","  4.7"," 8"," 11.1","999.9","  53.2","*","  18.5","*"," 0.00","G","999.9","000000"
"71560099999","2024-04-05","49.0","-97.2333333","242.0","EMERSON AUT MAN, CA","  42.6"," 8","  22.5"," 8","1019.9"," 8","990.3"," 8","999.9"," 0","  7.4"," 8"," 13.0","999.9","  55.9","*","  29.8","*"," 0.00","G","999.9","000000"
"71560099999","2024-04-06","49.0","-97.2333333","242.0","EMERSON AUT MAN, CA","  46.2"," 8","  26.1"," 8","1017.0"," 8","987.9"," 8","999.9"," 0"," 11.1"," 8"," 17.1","999.9","  59.0","*","  34.5","*"," 0.00","G","999.9","000000"
"71560099999","2024-04-07","49.0","-97.2333333","242.0","EMERSON AUT MAN, CA","  46.8"," 8","  25.6"," 8","1011.5"," 8","982.7"," 8","999.9"," 0"," 10.6"," 8"," 15.0","999.9","  60.4"," ","  34.3"," "," 0.00","G","999.9","000000"
"71560099999","2024-04-08","49.0","-97.2333333","242.0","EMERSON AUT MAN, CA","  45.5"," 8","  31.5"," 8","1008.5"," 8","979.7"," 8","999.9"," 0","  4.3"," 8","  9.9","999.9","  60.6"," ","  34.7"," "," 0.01","G","999.9","000000"
"71560099999","2024-04-09","49.0","-97.2333333","242.0","EMERSON AUT MAN, CA","  41.6"," 8","  31.1"," 8","1007.2"," 8","978.0"," 8","999.9"," 0","  4.2"," 8","  9.9","999.9","  60.1","*","  27.7","*"," 0.01","G","999.9","000000"
"71560099999","2024-04-10","49.0","-97.2333333","242.0","EMERSON AUT MAN, CA","  47.5"," 8","  32.7"," 8","1005.8"," 8","977.2"," 8","999.9"," 0","  6.6"," 8"," 18.1","999.9","  61.3"," ","  26.6"," "," 0.00","G","  0.4","000000"
"71560099999","2024-04-11","49.0","-97.2333333","242.0","EMERSON AUT MAN, CA","  46.5"," 8","  37.1"," 8","1010.1"," 8","981.3"," 8","999.9"," 0"," 11.7"," 8"," 18.1","999.9","  62.6"," ","  33.3"," "," 0.00","G","  0.4","000000"
"71560099999","2024-04-12","49.0","-97.2333333","242.0","EMERSON AUT MAN, CA","  39.8"," 8","  30.3"," 8","1017.2"," 8","987.7"," 8","999.9"," 0","  5.8"," 8"," 11.1","999.9","  58.5"," ","  23.9"," "," 0.00","G","  0.4","000000"
"71560099999","2024-04-13","49.0","-97.2333333","242.0","EMERSON AUT MAN, CA","  51.7"," 8","  33.7"," 8","1008.3"," 8","979.8"," 8","999.9"," 0"," 10.1"," 8"," 18.1","999.9","  59.0","*","  46.4","*"," 0.00","G","  0.4","000000"
"71560099999","2024-04-14","49.0","-97.2333333","242.0","EMERSON AUT MAN, CA","  51.1"," 8","  32.1"," 8","1008.5"," 8","980.2"," 8","999.9"," 0"," 11.0"," 8"," 18.1","999.9","  70.0"," ","  29.3"," "," 0.00","G","  0.4","000000"
"71560099999","2024-04-15","49.0","-97.2333333","242.0","EMERSON AUT MAN, CA","  45.7"," 8","  26.5"," 8","1016.1"," 8","987.1"," 8","999.9"," 0","  4.8"," 8","  8.9","999.9","  61.5"," ","  29.3"," "," 0.00","G","  0.4","000000"
"71560099999","2024-04-16","49.0","-97.2333333","242.0","EMERSON AUT MAN, CA","  46.9"," 8","  36.7"," 8","1011.7"," 8","982.8"," 8","999.9"," 0","  9.7"," 8"," 14.0","999.9","  55.2"," ","  31.5"," "," 0.43","G","  0.4","000000"
"71560099999","2024-04-17","49.0","-97.2333333","242.0","EMERSON AUT MAN, CA","  39.6"," 8","  37.2"," 6","1006.0"," 8","977.0"," 8","999.9"," 0","  6.0"," 8"," 16.1","999.9","  55.8"," ","  32.2"," "," 0.27","G","999.9","000000"
"71560099999","2024-04-18","49.0","-97.2333333","242.0","EMERSON AUT MAN, CA","  36.6"," 8","  30.8"," 8","1009.9"," 8","980.5"," 8","999.9"," 0"," 16.3"," 8"," 22.0","999.9","  47.7"," ","  32.2"," "," 0.12","G","999.9","000000"
"71560099999","2024-04-19","49.0","-97.2333333","242.0","EMERSON AUT MAN, CA","  28.8"," 8","  25.2"," 7","1016.7"," 8","986.4"," 8","999.9"," 0"," 14.4"," 8"," 21.0","999.9","  39.4"," ","  26.6"," "," 0.13","G","  0.8","000000"
"71560099999","2024-04-20","49.0","-97.2333333","242.0","EMERSON AUT MAN, CA","  32.2"," 8","  24.8"," 8","1025.0"," 8","994.3"," 8","999.9"," 0"," 14.0"," 8"," 20.0","999.9","  48.0","*","  23.0","*"," 0.02","G","  0.4","000000"
"71560099999","2024-04-21","49.0","-97.2333333","242.0","EMERSON AUT MAN, CA","  42.2"," 8","  26.6"," 8","1019.9"," 8","990.2"," 8","999.9"," 0","  9.0"," 8"," 13.0","999.9","  61.7","*","  29.1","*"," 0.00","G","  0.4","000000"
"71560099999","2024-04-22","49.0","-97.2333333","242.0","EMERSON AUT MAN, CA","  51.4"," 8","  28.5"," 8","1003.7"," 8","975.4"," 8","999.9"," 0"," 10.3"," 8"," 22.0","999.9","  63.9","*","  41.7","*"," 0.00","G","  0.4","000000"
"71560099999","2024-04-23","49.0","-97.2333333","242.0","EMERSON AUT MAN, CA","  46.1"," 8","  31.5"," 8","1006.1"," 8","977.5"," 8","999.9"," 0"," 12.8"," 8"," 18.1","999.9","  66.6"," ","  38.7"," "," 0.00","G","  0.4","000000"
"71560099999","2024-04-24","49.0","-97.2333333","242.0","EMERSON AUT MAN, CA","  42.5"," 8","  20.2"," 8","1020.9"," 8","991.4"," 8","999.9"," 0","  5.5"," 8"," 11.1","999.9","  65.5","*","  23.2","*"," 0.00","G","  0.4","000000"
"71560099999","2024-04-25","49.0","-97.2333333","242.0","EMERSON AUT MAN, CA","  57.1"," 8","  29.0"," 8","1013.2"," 8","985.0"," 8","999.9"," 0"," 12.9"," 8"," 22.0","999.9","  73.8","*","  40.5","*"," 0.00","G","  0.4","000000"
"71560099999","2024-04-26","49.0","-97.2333333","242.0","EMERSON AUT MAN, CA","  58.1"," 8","  40.8"," 8","1004.5"," 8","977.0"," 8","999.9"," 0"," 13.5"," 8"," 17.1","999.9","  75.4"," ","  35.8"," "," 0.01","G","  0.4","000000"
"71560099999","2024-04-27","49.0","-97.2333333","242.0","EMERSON AUT MAN, CA","  44.4"," 8","  42.3"," 8","1008.7"," 8","979.9"," 8","999.9"," 0"," 11.5"," 8"," 18.1","999.9","  61.5"," ","  39.7"," "," 0.43","G","  0.4","000000"
"71560099999","2024-04-28","49.0","-97.2333333","242.0","EMERSON AUT MAN, CA","  37.6"," 8","  30.9"," 8","1020.5"," 8","990.8"," 8","999.9"," 0","  8.4"," 8"," 15.9","999.9","  50.0"," ","  28.9"," "," 0.00","G","999.9","000000"
"71560099999","2024-04-29","49.0","-97.2333333","242.0","EMERSON AUT MAN, CA","  39.7"," 8","  34.5"," 8","1012.7"," 8","983.3"," 8","999.9"," 0","  7.5"," 8"," 11.1","999.9","  50.2"," ","  28.9"," "," 0.19","G","999.9","000000"
"71560099999","2024-04-30","49.0","-97.2333333","242.0","EMERSON AUT MAN, CA","  41.2"," 8","  36.7"," 8","1009.8"," 8","980.4"," 8","999.9"," 0","  3.7"," 8","  6.0","999.9","  53.8","*","  33.4","*"," 0.01","G","999.9","000000"
"71560099999","2024-05-02","49.0","-97.2333333","242.0","EMERSON AUT MAN, CA","  47.9"," 8","  42.6"," 8","1011.5"," 8","982.8"," 8","999.9"," 0","  5.5"," 8","  9.9","999.9","  62.1"," ","  39.6"," "," 0.21","G","999.9","000000"
"71560099999","2024-05-03","49.0","-97.2333333","242.0","EMERSON AUT MAN, CA","  46.6"," 8","  45.3"," 8","1005.6"," 8","976.9"," 8","999.9"," 0","  8.7"," 8"," 14.0","999.9","  52.3","*","  41.7","*"," 0.88","G","999.9","000000"
"71560099999","2024-05-04","49.0","-97.2333333","242.0","EMERSON AUT MAN, CA","  44.0"," 8","  41.5"," 8","1015.1"," 8","986.0"," 8","999.9"," 0","  5.5"," 8","  9.9","999.9","  53.1"," ","  32.9"," "," 0.20","G","999.9","000000"
"71560099999","2024-05-05","49.0","-97.2333333","242.0","EMERSON AUT MAN, CA","  48.8"," 8","  39.9"," 8","1016.5"," 8","987.5"," 8","999.9"," 0","  6.1"," 8"," 11.1","999.9","  63.0","*","  37.9","*"," 0.00","G","999.9","000000"
"71560099999","2024-05-06","49.0","-97.2333333","242.0","EMERSON AUT MAN, CA","  57.2"," 8","  38.6"," 8","1009.0"," 8","981.0"," 8","999.9"," 0"," 10.2"," 8"," 15.0","999.9","  68.9","*","  46.9","*"," 0.00","G","999.9","000000"
"71560099999","2024-05-07","49.0","-97.2333333","242.0","EMERSON AUT MAN, CA","  59.0"," 8","  45.3"," 8"," 994.9"," 8","967.7"," 8","999.9"," 0"," 12.5"," 8"," 15.9","999.9","  69.8"," ","  45.5"," "," 0.02","G","999.9","000000"
"71560099999","2024-05-08","49.0","-97.2333333","242.0","EMERSON AUT MAN, CA","  57.2"," 5","  48.0"," 5","1002.9"," 5","975.1"," 5","999.9"," 0","  7.6"," 5","  8.9","999.9","  71.1","*","  51.3","*"," 0.05","G","999.9","000000"
"71560099999","2024-05-09","49.0","-97.2333333","242.0","EMERSON AUT MAN, CA","  57.6"," 8","  37.0"," 8","1014.6"," 8","986.6"," 8","999.9"," 0","  6.1"," 8","  8.9","999.9","  73.9"," ","  36.5"," "," 0.00","G","999.9","000000"
"71560099999","2024-05-10","49.0","-97.2333333","242.0","EMERSON AUT MAN, CA","  61.0"," 8","  35.7"," 8","1011.1"," 8","983.4"," 8","999.9"," 0"," 13.2"," 8"," 26.0","999.9","  72.9"," ","  36.5"," "," 0.00","G","999.9","000000"
"71560099999","2024-05-11","49.0","-97.2333333","242.0","EMERSON AUT MAN, CA","  60.1"," 8","  30.9"," 8","1006.4"," 8","978.7"," 8","999.9"," 0"," 12.9"," 8"," 27.0","999.9","  86.4","*","  43.0","*"," 0.00","G","999.9","000000"
"71560099999","2024-05-12","49.0","-97.2333333","242.0","EMERSON AUT MAN, CA","  62.0"," 8","  37.3"," 8","1001.9"," 8","974.8"," 8","999.9"," 0"," 16.7"," 8"," 28.0","999.9","  87.6"," ","  41.4"," "," 0.01","G","999.9","000000"
"71560099999","2024-05-13","49.0","-97.2333333","242.0","EMERSON AUT MAN, CA","  47.7"," 8","  32.9"," 8","1012.7"," 8","984.1"," 8","999.9"," 0","  8.1"," 8"," 14.0","999.9","  65.5"," ","  32.4"," "," 0.00","G","999.9","000000"
"71560099999","2024-05-14","49.0","-97.2333333","242.0","EMERSON AUT MAN, CA","  51.5"," 8","  39.1"," 8","1012.5"," 8","984.0"," 8","999.9"," 0","  6.0"," 8"," 12.0","999.9","  58.1","*","  47.8","*"," 0.00","G","999.9","000000"
"71560099999","2024-05-15","49.0","-97.2333333","242.0","EMERSON AUT MAN, CA","  53.0"," 8","  46.1"," 8","1010.5"," 8","982.3"," 8","999.9"," 0","  8.0"," 8"," 12.0","999.9","  57.6"," ","  46.4"," "," 0.08","G","999.9","000000"
"71560099999","2024-05-16","49.0","-97.2333333","242.0","EMERSON AUT MAN, CA","  55.6"," 8","  52.2"," 8","1006.3"," 8","978.3"," 8","999.9"," 0","  4.2"," 8","  6.0","999.9","  65.1","*","  50.5","*"," 0.08","G","999.9","000000"
"71560099999","2024-05-17","49.0","-97.2333333","242.0","EMERSON AUT MAN, CA","  61.3"," 8","  53.2"," 8"," 999.7"," 8","972.2"," 8","999.9"," 0","  7.7"," 8","  8.9","999.9","  77.9","*","  51.8","*"," 0.11","G","999.9","000000"
"71560099999","2024-05-18","49.0","-97.2333333","242.0","EMERSON AUT MAN, CA","  61.5"," 8","  53.4"," 8"," 997.6"," 8","970.5"," 8","999.9"," 0"," 14.6"," 8"," 29.9","999.9","  80.4"," ","  50.5"," "," 0.78","G","999.9","000000"
"71560099999","2024-05-19","49.0","-97.2333333","242.0","EMERSON AUT MAN, CA","  56.5"," 8","  39.9"," 8","1008.3"," 8","980.4"," 8","999.9"," 0"," 12.8"," 8"," 25.1","999.9","  70.5"," ","  41.0"," "," 0.02","G","999.9","000000"
"71560099999","2024-05-20","49.0","-97.2333333","242.0","EMERSON AUT MAN, CA","  56.5"," 8","  49.1"," 8","1010.3"," 8","982.3"," 8","999.9"," 0","  5.4"," 8"," 11.1","999.9","  71.4"," ","  41.0"," "," 0.05","G","999.9","000000"
"71560099999","2024-05-21","49.0","-97.2333333","242.0","EMERSON AUT MAN, CA","  56.5"," 8","  45.3"," 8","1009.7"," 8","981.8"," 8","999.9"," 0","  6.9"," 8"," 12.0","999.9","  69.6"," ","  41.9"," "," 0.00","G","999.9","000000"
"71560099999","2024-05-22","49.0","-97.2333333","242.0","EMERSON AUT MAN, CA","  57.3"," 8","  43.9"," 8","1004.3"," 8","976.6"," 8","999.9"," 0","  9.9"," 8"," 14.0","999.9","  67.5","*","  49.1","*"," 0.00","G","999.9","000000"
"71560099999","2024-05-23","49.0","-97.2333333","242.0","EMERSON AUT MAN, CA","  51.1"," 8","  39.7"," 8","1009.5"," 8","981.3"," 8","999.9"," 0","  8.6"," 8"," 15.0","999.9","  68.2"," ","  43.3"," "," 0.00","G","999.9","000000"
"71560099999","2024-05-24","49.0","-97.2333333","242.0","EMERSON AUT MAN, CA","  50.1"," 8","  45.3"," 8","1003.2"," 8","974.9"," 8","999.9"," 0"," 10.4"," 8"," 14.0","999.9","  61.7"," ","  43.5"," "," 1.07","G","999.9","000000"
"71560099999","2024-05-25","49.0","-97.2333333","242.0","EMERSON AUT MAN, CA","  45.1"," 8","  42.6"," 8"," 999.0"," 8","970.4"," 8","999.9"," 0"," 17.5"," 8"," 22.0","999.9","  53.6"," ","  39.0"," "," 0.66","G","999.9","000000"
"71560099999","2024-05-26","49.0","-97.2333333","242.0","EMERSON AUT MAN, CA","  50.3"," 8","  42.7"," 8","1006.6"," 8","978.1"," 8","999.9"," 0","  4.7"," 8"," 12.0","999.9","  67.5","*","  39.2","*"," 0.00","G","999.9","000000"
"71560099999","2024-05-27","49.0","-97.2333333","242.0","EMERSON AUT MAN, CA","  58.3"," 8","  48.7"," 8","1008.2"," 8","980.5"," 8","999.9"," 0","  4.9"," 8","  8.0","999.9","  68.9"," ","  38.1"," "," 0.11","G","999.9","000000"
"71560099999","2024-05-28","49.0","-97.2333333","242.0","EMERSON AUT MAN, CA","  52.2"," 8","  46.6"," 8","1019.1"," 8","990.6"," 8","999.9"," 0","  9.7"," 8"," 15.0","999.9","  64.8"," ","  44.2"," "," 0.00","G","999.9","000000"
"71560099999","2024-05-29","49.0","-97.2333333","242.0","EMERSON AUT MAN, CA","  54.9"," 8","  46.1"," 8","1021.9"," 8","993.3"," 8","999.9"," 0","  7.5"," 8"," 19.0","999.9","  71.4","*","  43.5","*"," 0.00","G","999.9","000000"
"71560099999","2024-05-30","49.0","-97.2333333","242.0","EMERSON AUT MAN, CA","  64.2"," 8","  49.9"," 8","1010.7"," 8","983.3"," 8","999.9"," 0"," 14.5"," 8"," 24.1","999.9","  72.1","*","  58.6","*"," 0.03","G","999.9","000000"
"71560099999","2024-05-31","49.0","-97.2333333","242.0","EMERSON AUT MAN, CA","  61.3"," 8","  46.7"," 8","1011.5"," 8","983.9"," 8","999.9"," 0"," 13.2"," 8"," 22.0","999.9","  74.7","*","  49.5","*"," 0.16","G","999.9","000000"
"71560099999","2024-06-01","49.0","-97.2333333","242.0","EMERSON AUT MAN, CA","  63.0"," 8","  41.5"," 8","1009.1"," 8","981.7"," 8","999.9"," 0"," 12.0"," 8"," 21.0","999.9","  75.6"," ","  47.8"," "," 0.00","G","999.9","000000"
"71560099999","2024-06-02","49.0","-97.2333333","242.0","EMERSON AUT MAN, CA","  63.8"," 8","  44.4"," 8","1006.1"," 8","978.8"," 8","999.9"," 0"," 13.9"," 8"," 24.1","999.9","  75.9"," ","  51.3"," "," 0.00","G","999.9","000000"
"71560099999","2024-06-03","49.0","-97.2333333","242.0","EMERSON AUT MAN, CA","  59.7"," 6","  58.6"," 6","1002.4"," 6","975.2"," 6","999.9"," 0","  7.3"," 6"," 13.0","999.9","  78.6"," ","  51.3"," "," 0.26","G","999.9","000000"
"71560099999","2024-06-04","49.0","-97.2333333","242.0","EMERSON AUT MAN, CA","  65.2"," 8","  59.7"," 8"," 997.6"," 8","970.6"," 8","999.9"," 0","  8.5"," 8"," 15.0","999.9","  70.5"," ","  60.1"," "," 0.00","G","999.9","000000"
"71560099999","2024-06-05","49.0","-97.2333333","242.0","EMERSON AUT MAN, CA","  63.2"," 8","  49.4"," 8"," 993.1"," 8","966.1"," 8","999.9"," 0"," 16.4"," 8"," 27.0","999.9","  73.2"," ","  52.7"," "," 0.00","G","999.9","000000"
"71560099999","2024-06-06","49.0","-97.2333333","242.0","EMERSON AUT MAN, CA","  59.0"," 8","  45.0"," 8"," 999.0"," 8","971.7"," 8","999.9"," 0"," 19.0"," 8"," 22.9","999.9","  74.7"," ","  52.2"," "," 0.00","G","999.9","000000"
"71560099999","2024-06-07","49.0","-97.2333333","242.0","EMERSON AUT MAN, CA","  58.1"," 8","  43.7"," 8","1006.7"," 8","978.8"," 8","999.9"," 0","  7.9"," 8"," 18.1","999.9","  74.3"," ","  43.5"," "," 0.00","G","999.9","000000"
"71560099999","2024-06-08","49.0","-97.2333333","242.0","EMERSON AUT MAN, CA","  60.3"," 8","  42.5"," 8","1008.6"," 8","980.9"," 8","999.9"," 0","  9.5"," 8"," 17.1","999.9","  75.6"," ","  43.5"," "," 0.00","G","999.9","000000"
"71560099999","2024-06-09","49.0","-97.2333333","242.0","EMERSON AUT MAN, CA","  56.8"," 8","  43.3"," 8","1016.7"," 8","988.8"," 8","999.9"," 0"," 11.3"," 8"," 17.1","999.9","  76.1"," ","  42.8"," "," 0.00","G","999.9","000000"
"71560099999","2024-06-10","49.0","-97.2333333","242.0","EMERSON AUT MAN, CA","  58.0"," 8","  45.0"," 8","1017.6"," 8","989.5"," 8","999.9"," 0","  6.0"," 8"," 11.1","999.9","  69.6","*","  44.8","*"," 0.00","G","999.9","000000"
"71560099999","2024-06-11","49.0","-97.2333333","242.0","EMERSON AUT MAN, CA","  62.1"," 8","  50.9"," 8","1004.0"," 8","976.7"," 8","999.9"," 0"," 14.2"," 8"," 22.0","999.9","  71.2","*","  57.4","*"," 0.09","G","999.9","000000"
"71560099999","2024-06-12","49.0","-97.2333333","242.0","EMERSON AUT MAN, CA","  66.0"," 8","  53.8"," 8","1001.7"," 8","974.7"," 8","999.9"," 0","  7.6"," 8"," 14.0","999.9","  75.9","*","  57.0","*"," 0.04","G","999.9","000000"
"71560099999","2024-06-13","49.0","-97.2333333","242.0","EMERSON AUT MAN, CA","  62.2"," 8","  54.0"," 8","1006.2"," 8","978.9"," 8","999.9"," 0","  8.4"," 8"," 14.0","999.9","  78.6"," ","  50.9"," "," 0.12","G","999.9","000000"
"71560099999","2024-06-14","49.0","-97.2333333","242.0","EMERSON AUT MAN, CA","  64.1"," 8","  54.1"," 8","1014.2"," 8","986.6"," 8","999.9"," 0","  4.4"," 8","  7.0","999.9","  76.8","*","  52.2","*"," 0.00","G","999.9","000000"
"71560099999","2024-06-15","49.0","-97.2333333","242.0","EMERSON AUT MAN, CA","  71.9"," 7","  57.5"," 7","1006.8"," 7","980.0"," 7","999.9"," 0"," 12.6"," 7"," 20.0","999.9","  81.1","*","  61.5","*"," 0.00","G","999.9","000000"
"71560099999","2024-06-16","49.0","-97.2333333","242.0","EMERSON AUT MAN, CA","  69.2"," 8","  60.7"," 8"," 998.7"," 8","972.1"," 8","999.9"," 0"," 14.6"," 8"," 22.9","999.9","  84.2"," ","  61.2"," "," 0.36","G","999.9","000000"
"71560099999","2024-06-17","49.0","-97.2333333","242.0","EMERSON AUT MAN, CA","  59.7"," 8","  45.9"," 8","1006.5"," 8","979.0"," 8","999.9"," 0","  8.3"," 8"," 20.0","999.9","  72.7"," ","  48.6"," "," 0.00","G","999.9","000000"
"71560099999","2024-06-18","49.0","-97.2333333","242.0","EMERSON AUT MAN, CA","  57.0"," 8","  52.1"," 8","1003.7"," 8","976.1"," 8","999.9"," 0"," 12.6"," 8"," 17.1","999.9","  69.1"," ","  48.6"," "," 0.74","G","999.9","000000"
"71560099999","2024-06-19","49.0","-97.2333333","242.0","EMERSON AUT MAN, CA","  57.6"," 8","  49.8"," 8","1017.1"," 8","989.0"," 8","999.9"," 0","  6.8"," 8"," 13.0","999.9","  66.7","*","  50.7","*"," 0.08","G","999.9","000000"
"71560099999","2024-06-20","49.0","-97.2333333","242.0","EMERSON AUT MAN, CA","  62.8"," 8","  50.4"," 8","1024.7"," 8","996.7"," 8","999.9"," 0","  6.6"," 8"," 11.1","999.9","  74.7","*","  52.7","*"," 0.00","G","999.9","000000"
"71560099999","2024-06-21","49.0","-97.2333333","242.0","EMERSON AUT MAN, CA","  65.4"," 8","  56.1"," 8","1021.4"," 8","993.8"," 8","999.9"," 0","  4.7"," 8"," 12.0","999.9","  75.2"," ","  51.6"," "," 0.00","G","999.9","000000"
"71560099999","2024-06-22","49.0","-97.2333333","242.0","EMERSON AUT MAN, CA","  68.7"," 8","  59.3"," 8","1013.0"," 8","985.9"," 8","999.9"," 0","  3.3"," 8","  4.1","999.9","  76.1"," ","  54.0"," "," 0.00","G","999.9","000000"
"71560099999","2024-06-23","49.0","-97.2333333","242.0","EMERSON AUT MAN, CA","  61.1"," 8","  57.6"," 8","1009.5"," 8","982.0"," 8","999.9"," 0","  6.9"," 8"," 11.1","999.9","  78.1"," ","  50.2"," "," 0.06","G","999.9","000000"
"71560099999","2024-06-24","49.0","-97.2333333","242.0","EMERSON AUT MAN, CA","  70.8"," 8","  61.1"," 8","1003.9"," 8","977.0"," 8","999.9"," 0"," 11.2"," 8"," 24.1","999.9","  86.2","*","  61.5","*"," 0.00","G","999.9","000000"
"71560099999","2024-06-25","49.0","-97.2333333","242.0","EMERSON AUT MAN, CA","  67.6"," 8","  55.2"," 8","1003.1"," 8","976.4"," 8","999.9"," 0"," 11.9"," 8"," 21.0","999.9","  86.2"," ","  53.8"," "," 0.00","G","999.9","000000"
"71560099999","2024-06-26","49.0","-97.2333333","242.0","EMERSON AUT MAN, CA","  61.0"," 8","  55.1"," 8","1014.4"," 8","986.9"," 8","999.9"," 0","  9.8"," 8"," 12.0","999.9","  76.1"," ","  53.8"," "," 0.08","G","999.9","000000"
"71560099999","2024-06-27","49.0","-97.2333333","242.0","EMERSON AUT MAN, CA","  59.2"," 8","  50.1"," 8","1013.5"," 8","985.7"," 8","999.9"," 0","  5.2"," 8","  9.9","999.9","  69.3","*","  48.9","*"," 0.00","G","999.9","000000"
"71560099999","2024-06-28","49.0","-97.2333333","242.0","EMERSON AUT MAN, CA","  63.0"," 8","  60.6"," 8","1000.3"," 8","973.2"," 8","999.9"," 0","  6.1"," 8","  8.9","999.9","  72.9"," ","  46.6"," "," 0.49","G","999.9","000000"
"71560099999","2024-06-29","49.0","-97.2333333","242.0","EMERSON AUT MAN, CA","  55.9"," 8","  51.3"," 8","1012.5"," 8","984.5"," 8","999.9"," 0"," 12.5"," 8"," 15.0","999.9","  66.7"," ","  50.0"," "," 0.07","G","999.9","000000"
"71560099999","2024-06-30","49.0","-97.2333333","242.0","EMERSON AUT MAN, CA","  56.6"," 8","  46.8"," 8","1025.3"," 8","996.8"," 8","999.9"," 0","  4.7"," 8","  8.9","999.9","  69.8","*","  44.6","*"," 0.00","G","999.9","000000"
"71560099999","2024-07-01","49.0","-97.2333333","242.0","EMERSON AUT MAN, CA","  62.7"," 8","  53.3"," 8","1015.1"," 8","987.5"," 8","999.9"," 0","  9.2"," 8"," 14.0","999.9","  71.4"," ","  41.9"," "," 1.55","G","999.9","000000"
"71560099999","2024-07-02","49.0","-97.2333333","242.0","EMERSON AUT MAN, CA","  66.0"," 8","  63.0"," 8","1000.3"," 8","973.2"," 8","999.9"," 0"," 10.5"," 8"," 14.0","999.9","  73.2"," ","  56.1"," "," 0.26","G","999.9","000000"
"71560099999","2024-07-03","49.0","-97.2333333","242.0","EMERSON AUT MAN, CA","  64.9"," 8","  59.5"," 8","1003.6"," 8","976.6"," 8","999.9"," 0","  7.9"," 8"," 14.0","999.9","  74.3","*","  54.7","*"," 0.28","G","999.9","000000"
"71560099999","2024-07-04","49.0","-97.2333333","242.0","EMERSON AUT MAN, CA","  67.0"," 8","  62.5"," 8","1009.6"," 8","982.5"," 8","999.9"," 0","  4.6"," 8","  8.9","999.9","  75.9"," ","  52.9"," "," 0.00","G","999.9","000000"
"71560099999","2024-07-05","49.0","-97.2333333","242.0","EMERSON AUT MAN, CA","  64.6"," 8","  60.2"," 8","1012.3"," 8","984.9"," 8","999.9"," 0","  6.0"," 8","  8.0","999.9","  76.5"," ","  56.3"," "," 0.69","G","999.9","000000"
"71560099999","2024-07-06","49.0","-97.2333333","242.0","EMERSON AUT MAN, CA","  67.7"," 8","  61.7"," 8","1009.9"," 8","982.8"," 8","999.9"," 0","  4.6"," 8","  6.0","999.9","  78.3"," ","  56.5"," "," 0.00","G","999.9","000000"
"71560099999","2024-07-07","49.0","-97.2333333","242.0","EMERSON AUT MAN, CA","  67.5"," 8","  61.0"," 8","1008.8"," 8","981.8"," 8","999.9"," 0","  2.6"," 8","  7.0","999.9","  78.6"," ","  56.5"," "," 0.00","G","999.9","000000"
"71560099999","2024-07-08","49.0","-97.2333333","242.0","EMERSON AUT MAN, CA","  67.2"," 8","  61.2"," 8","1010.9"," 8","983.8"," 8","999.9"," 0","  3.6"," 8","  8.9","999.9","  80.4"," ","  53.2"," "," 0.04","G","999.9","000000"
"71560099999","2024-07-09","49.0","-97.2333333","242.0","EMERSON AUT MAN, CA","  69.4"," 8","  61.5"," 8","1011.9"," 8","984.9"," 8","999.9"," 0","  2.1"," 8","  2.9","999.9","  80.6"," ","  53.2"," "," 0.00","G","999.9","000000"
"71560099999","2024-07-10","49.0","-97.2333333","242.0","EMERSON AUT MAN, CA","  68.3"," 7","  61.4"," 7","1014.3"," 7","987.3"," 7","999.9"," 0","  2.7"," 7","  4.1","999.9","  81.7"," ","  55.9"," "," 0.00","G","999.9","000000"
"71560099999","2024-07-11","49.0","-97.2333333","242.0","EMERSON AUT MAN, CA","  76.0"," 6","  64.5"," 6","1013.0"," 6","986.3"," 6","999.9"," 0","  7.0"," 6"," 13.0","999.9","  84.0","*","  66.2","*"," 0.00","G","999.9","000000"
"71560099999","2024-07-12","49.0","-97.2333333","242.0","EMERSON AUT MAN, CA","  72.3"," 6","  66.1"," 6","1009.9"," 6","983.4"," 6","999.9"," 0","  8.0"," 6","  9.9","999.9","  84.4"," ","  64.6"," "," 0.00","G","999.9","000000"
"71560099999","2024-07-13","49.0","-97.2333333","242.0","EMERSON AUT MAN, CA","  75.8"," 6","  69.1"," 6","1009.1"," 6","982.8"," 6","999.9"," 0","  4.8"," 6","  8.0","999.9","  86.4"," ","  67.6"," "," 0.00","G","999.9","000000"
"71560099999","2024-07-14","49.0","-97.2333333","242.0","EMERSON AUT MAN, CA","  67.5"," 5","  60.6"," 5","1011.3"," 5","984.4"," 5","999.9"," 0","  2.6"," 5","  5.1","999.9","  85.3"," ","  57.9"," "," 0.00","G","999.9","000000"
"71560099999","2024-07-15","49.0","-97.2333333","242.0","EMERSON AUT MAN, CA","  67.7"," 8","  63.5"," 8","1007.9"," 8","981.0"," 8","999.9"," 0","  6.6"," 8"," 11.1","999.9","  80.4"," ","  57.9"," "," 0.43","G","999.9","000000"
"71560099999","2024-07-16","49.0","-97.2333333","242.0","EMERSON AUT MAN, CA","  62.4"," 8","  56.7"," 8","1011.6"," 8","984.1"," 8","999.9"," 0","  6.5"," 8"," 12.0","999.9","  73.9"," ","  52.0"," "," 0.00","G","999.9","000000"
"71560099999","2024-07-17","49.0","-97.2333333","242.0","EMERSON AUT MAN, CA","  57.7"," 8","  52.1"," 8","1020.2"," 8","992.2"," 8","999.9"," 0","  4.1"," 8","  9.9","999.9","  69.8","*","  46.8","*"," 0.00","G","999.9","000000"
"71560099999","2024-07-18","49.0","-97.2333333","242.0","EMERSON AUT MAN, CA","  64.0"," 8","  55.9"," 8","1020.0"," 8","992.2"," 8","999.9"," 0","  4.1"," 8","  7.0","999.9","  77.5","*","  52.7","*"," 0.00","G","999.9","000000"
"71560099999","2024-07-19","49.0","-97.2333333","242.0","EMERSON AUT MAN, CA","  71.1"," 8","  64.6"," 8","1014.6"," 8","987.6"," 8","999.9"," 0","  4.5"," 8","  7.0","999.9","  80.4","*","  60.8","*"," 0.00","G","999.9","000000"
"71560099999","2024-07-20","49.0","-97.2333333","242.0","EMERSON AUT MAN, CA","  72.3"," 6","  67.8"," 6","1015.8"," 6","989.0"," 6","999.9"," 0","  2.6"," 6","  4.1","999.9","  83.1","*","  63.1","*"," 0.00","G","999.9","000000"
"71560099999","2024-07-21","49.0","-97.2333333","242.0","EMERSON AUT MAN, CA","  69.5"," 8","  65.8"," 8","1018.8"," 8","991.6"," 8","999.9"," 0","  1.7"," 8","  6.0","999.9","  84.2"," ","  57.6"," "," 0.06","G","999.9","000000"
"71560099999","2024-07-22","49.0","-97.2333333","242.0","EMERSON AUT MAN, CA","  69.8"," 8","  66.1"," 8","1015.3"," 8","988.3"," 8","999.9"," 0","  2.3"," 8","  4.1","999.9","  83.8"," ","  57.6"," "," 0.06","G","999.9","000000"
"71560099999","2024-07-23","49.0","-97.2333333","242.0","EMERSON AUT MAN, CA","  67.1"," 7","  64.9"," 7","1015.1"," 7","988.0"," 7","999.9"," 0","  2.9"," 7","  5.1","999.9","  77.2"," ","  58.8"," "," 0.00","G","999.9","000000"
"71560099999","2024-07-24","49.0","-97.2333333","242.0","EMERSON AUT MAN, CA","  67.8"," 8","  63.2"," 8","1019.0"," 8","991.7"," 8","999.9"," 0","  6.3"," 8","  9.9","999.9","  77.5","*","  58.8","*"," 0.00","G","999.9","000000"
"71560099999","2024-07-25","49.0","-97.2333333","242.0","EMERSON AUT MAN, CA","  71.6"," 8","  65.2"," 8","1015.8"," 8","988.8"," 8","999.9"," 0"," 10.7"," 8"," 15.0","999.9","  81.9","*","  64.8","*"," 0.00","G","999.9","000000"
"71560099999","2024-07-26","49.0","-97.2333333","242.0","EMERSON AUT MAN, CA","  76.8"," 8","  70.7"," 8","1006.8"," 8","980.4"," 8","999.9"," 0"," 13.1"," 8"," 17.1","999.9","  85.1"," ","  63.5"," "," 0.00","G","999.9","000000"
"71560099999","2024-07-27","49.0","-97.2333333","242.0","EMERSON AUT MAN, CA","  70.1"," 8","  66.1"," 8","1005.1"," 8","978.5"," 8","999.9"," 0","  6.1"," 8"," 11.1","999.9","  87.4"," ","  60.4"," "," 0.00","G","999.9","000000"
"71560099999","2024-07-28","49.0","-97.2333333","242.0","EMERSON AUT MAN, CA","  73.2"," 8","  66.4"," 8","1001.8"," 8","975.4"," 8","999.9"," 0","  6.2"," 8","  9.9","999.9","  83.8"," ","  60.3"," "," 0.00","G","999.9","000000"
"71560099999","2024-07-29","49.0","-97.2333333","242.0","EMERSON AUT MAN, CA","  69.2"," 8","  63.5"," 8","1007.3"," 8","980.4"," 8","999.9"," 0","  3.1"," 8","  5.1","999.9","  81.9","*","  59.0","*"," 0.00","G","999.9","000000"
"71560099999","2024-07-30","49.0","-97.2333333","242.0","EMERSON AUT MAN, CA","  74.0"," 8","  66.9"," 8","1004.5"," 8","978.0"," 8","999.9"," 0","  6.8"," 8"," 14.0","999.9","  85.1","*","  64.4","*"," 0.00","G","999.9","000000"
"71560099999","2024-07-31","49.0","-97.2333333","242.0","EMERSON AUT MAN, CA","  74.0"," 7","  69.1"," 7","1004.9"," 7","978.5"," 7","999.9"," 0","  5.6"," 7","  8.9","999.9","  86.2"," ","  64.2"," "," 0.11","G","999.9","000000"
"71560099999","2024-08-01","49.0","-97.2333333","242.0","EMERSON AUT MAN, CA","  70.9"," 8","  63.9"," 8","1011.7"," 8","984.8"," 8","999.9"," 0","  4.7"," 8","  9.9","999.9","  87.8","*","  57.4","*"," 0.00","G","999.9","000000"
"71560099999","2024-08-02","49.0","-97.2333333","242.0","EMERSON AUT MAN, CA","  70.2"," 7","  64.7"," 7","1016.3"," 7","989.5"," 7","999.9"," 0","  4.7"," 7","  7.0","999.9","  88.5"," ","  53.2"," "," 0.00","G","999.9","000000"
"71560099999","2024-08-03","49.0","-97.2333333","242.0","EMERSON AUT MAN, CA","  69.7"," 7","  63.3"," 7","1013.1"," 7","986.2"," 7","999.9"," 0","  6.4"," 7"," 15.9","999.9","  82.6"," ","  53.2"," "," 0.00","G","999.9","000000"
"71560099999","2024-08-04","49.0","-97.2333333","242.0","EMERSON AUT MAN, CA","  57.2"," 8","  53.7"," 8","1017.3"," 8","989.5"," 8","999.9"," 0","  5.2"," 8","  9.9","999.9","  76.6"," ","  45.1"," "," 0.00","G","999.9","000000"
"71560099999","2024-08-05","49.0","-97.2333333","242.0","EMERSON AUT MAN, CA","  61.0"," 8","  56.0"," 8","1019.9"," 8","991.9"," 8","999.9"," 0","  4.8"," 8","  7.0","999.9","  71.1","*","  54.3","*"," 0.07","G","999.9","000000"
"71560099999","2024-08-06","49.0","-97.2333333","242.0","EMERSON AUT MAN, CA","  59.4"," 8","  50.9"," 8","1021.2"," 8","993.1"," 8","999.9"," 0","  3.4"," 8","  8.0","999.9","  76.1","*","  44.6","*"," 0.00","G","999.9","000000"
"71560099999","2024-08-07","49.0","-97.2333333","242.0","EMERSON AUT MAN, CA","  66.2"," 8","  57.5"," 8","1012.1"," 8","984.9"," 8","999.9"," 0","  9.1"," 8"," 15.0","999.9","  73.9","*","  61.5","*"," 0.00","G","999.9","000000"
"71560099999","2024-08-08","49.0","-97.2333333","242.0","EMERSON AUT MAN, CA","  55.0"," 8","  51.1"," 8","1015.2"," 8","987.2"," 8","999.9"," 0"," 10.5"," 8"," 15.0","999.9","  70.9"," ","  45.3"," "," 0.00","G","999.9","000000"
"71560099999","2024-08-09","49.0","-97.2333333","242.0","EMERSON AUT MAN, CA","  56.6"," 8","  49.4"," 8","1019.9"," 8","991.6"," 8","999.9"," 0","  6.9"," 8"," 13.0","999.9","  66.4","*","  50.0","*"," 0.01","G","999.9","000000"
"71560099999","2024-08-10","49.0","-97.2333333","242.0","EMERSON AUT MAN, CA","  55.9"," 8","  47.3"," 8","1019.6"," 8","991.3"," 8","999.9"," 0","  5.1"," 8","  8.9","999.9","  75.4","*","  41.0","*"," 0.00","G","999.9","000000"
"71560099999","2024-08-11","49.0","-97.2333333","242.0","EMERSON AUT MAN, CA","  58.6"," 7","  50.2"," 7","1018.0"," 7","990.1"," 7","999.9"," 0","  4.3"," 7","  7.0","999.9","  76.3"," ","  39.4"," "," 0.00","G","999.9","000000"
"71560099999","2024-08-13","49.0","-97.2333333","242.0","EMERSON AUT MAN, CA","  66.8"," 8","  55.5"," 8","1016.6"," 8","989.3"," 8","999.9"," 0","  5.0"," 8","  9.9","999.9","  81.1"," ","  49.6"," "," 0.00","G","999.9","000000"
"71560099999","2024-08-14","49.0","-97.2333333","242.0","EMERSON AUT MAN, CA","  70.9"," 8","  62.3"," 8","1012.9"," 8","985.9"," 8","999.9"," 0","  8.8"," 8"," 13.0","999.9","  81.7"," ","  52.7"," "," 0.00","G","999.9","000000"
"71560099999","2024-08-15","49.0","-97.2333333","242.0","EMERSON AUT MAN, CA","  66.6"," 8","  66.0"," 8","1006.0"," 8","979.1"," 8","999.9"," 0","  7.6"," 8"," 11.1","999.9","  79.5"," ","  64.4"," "," 1.59","G","999.9","000000"
"71560099999","2024-08-16","49.0","-97.2333333","242.0","EMERSON AUT MAN, CA","  68.2"," 8","  65.8"," 8","1008.5"," 8","981.4"," 8","999.9"," 0"," 11.0"," 8"," 14.0","999.9","  76.1","*","  63.9","*"," 0.17","G","999.9","000000"
"71560099999","2024-08-17","49.0","-97.2333333","242.0","EMERSON AUT MAN, CA","  67.4"," 8","  62.7"," 8","1014.8"," 8","987.6"," 8","999.9"," 0","  6.4"," 8"," 11.1","999.9","  78.4"," ","  56.7"," "," 0.13","G","999.9","000000"
"71560099999","2024-08-18","49.0","-97.2333333","242.0","EMERSON AUT MAN, CA","  66.4"," 8","  58.3"," 8","1017.3"," 8","989.9"," 8","999.9"," 0","  2.8"," 8","  6.0","999.9","  80.2"," ","  51.8"," "," 0.00","G","999.9","000000"
"71560099999","2024-08-19","49.0","-97.2333333","242.0","EMERSON AUT MAN, CA","  69.1"," 8","  59.6"," 8","1019.9"," 8","992.7"," 8","999.9"," 0","  2.0"," 8","  4.1","999.9","  83.3","*","  55.6","*"," 0.01","G","999.9","000000"
"71560099999","2024-08-20","49.0","-97.2333333","242.0","EMERSON AUT MAN, CA","  71.4"," 8","  64.3"," 8","1018.5"," 8","991.5"," 8","999.9"," 0","  6.0"," 8"," 13.0","999.9","  83.7"," ","  54.5"," "," 0.00","G","999.9","000000"
"71560099999","2024-08-21","49.0","-97.2333333","242.0","EMERSON AUT MAN, CA","  69.1"," 8","  62.2"," 8","1016.7"," 8","989.7"," 8","999.9"," 0"," 11.1"," 8"," 15.9","999.9","  84.0"," ","  57.9"," "," 0.00","G","999.9","000000"
"71560099999","2024-08-22","49.0","-97.2333333","242.0","EMERSON AUT MAN, CA","  71.2"," 8","  64.8"," 8","1012.7"," 8","985.8"," 8","999.9"," 0","  8.2"," 8"," 11.1","999.9","  80.2"," ","  57.9"," "," 0.24","G","999.9","000000"
"71560099999","2024-08-23","49.0","-97.2333333","242.0","EMERSON AUT MAN, CA","  72.1"," 8","  66.3"," 8","1012.7"," 8","985.8"," 8","999.9"," 0","  4.6"," 8","  7.0","999.9","  84.0","*","  63.1","*"," 0.00","G","999.9","000000"
"71560099999","2024-08-24","49.0","-97.2333333","242.0","EMERSON AUT MAN, CA","  74.1"," 8","  67.1"," 8","1012.1"," 8","985.5"," 8","999.9"," 0","  7.3"," 8"," 13.0","999.9","  87.1","*","  64.6","*"," 0.00","G","999.9","000000"
"71560099999","2024-08-25","49.0","-97.2333333","242.0","EMERSON AUT MAN, CA","  78.9"," 8","  72.3"," 8","1008.1"," 8","981.9"," 8","999.9"," 0","  9.0"," 8"," 12.0","999.9","  88.0"," ","  64.2"," "," 0.00","G","999.9","000000"
"71560099999","2024-08-26","49.0","-97.2333333","242.0","EMERSON AUT MAN, CA","  69.2"," 8","  61.3"," 8","1016.2"," 8","989.3"," 8","999.9"," 0","  6.8"," 8","  9.9","999.9","  90.3"," ","  57.0"," "," 0.00","G","999.9","000000"
"71560099999","2024-08-27","49.0","-97.2333333","242.0","EMERSON AUT MAN, CA","  57.2"," 8","  53.2"," 8","1020.4"," 8","992.4"," 8","999.9"," 0","  6.7"," 8"," 12.0","999.9","  73.4"," ","  50.0"," "," 0.00","G","999.9","000000"
"71560099999","2024-08-28","49.0","-97.2333333","242.0","EMERSON AUT MAN, CA","  58.6"," 8","  54.7"," 8","1018.4"," 8","990.2"," 8","999.9"," 0","  5.7"," 8"," 12.0","999.9","  75.0","*","  45.7","*"," 0.00","G","999.9","000000"
"71560099999","2024-08-29","49.0","-97.2333333","242.0","EMERSON AUT MAN, CA","  68.1"," 8","  61.3"," 8","1009.9"," 8","982.8"," 8","999.9"," 0","  7.8"," 8"," 15.0","999.9","  74.7","*","  63.5","*"," 0.30","G","999.9","000000"
"71560099999","2024-08-30","49.0","-97.2333333","242.0","EMERSON AUT MAN, CA","  63.7"," 8","  51.3"," 8","1010.0"," 8","982.6"," 8","999.9"," 0"," 10.0"," 8"," 15.0","999.9","  78.6","*","  52.0","*"," 0.00","G","999.9","000000"
"71560099999","2024-08-31","49.0","-97.2333333","242.0","EMERSON AUT MAN, CA","  66.2"," 8","  52.0"," 8","1010.8"," 8","983.6"," 8","999.9"," 0","  8.5"," 8"," 18.1","999.9","  80.1"," ","  50.9"," "," 0.00","G","999.9","000000"
"71560099999","2024-09-01","49.0","-97.2333333","242.0","EMERSON AUT MAN, CA","  58.1"," 8","  46.9"," 8","1021.1"," 8","993.1"," 8","999.9"," 0","  5.4"," 8"," 13.0","999.9","  76.8"," ","  41.5"," "," 0.02","G","999.9","000000"
"71560099999","2024-09-02","49.0","-97.2333333","242.0","EMERSON AUT MAN, CA","  62.7"," 8","  50.5"," 8","1020.0"," 8","992.2"," 8","999.9"," 0","  7.3"," 8"," 15.0","999.9","  76.8","*","  49.3","*"," 0.00","G","999.9","000000"
"71560099999","2024-09-03","49.0","-97.2333333","242.0","EMERSON AUT MAN, CA","  68.9"," 8","  58.0"," 8","1010.4"," 8","983.3"," 8","999.9"," 0","  9.3"," 8"," 12.0","999.9","  85.1","*","  59.7","*"," 0.00","G","999.9","000000"
"71560099999","2024-09-04","49.0","-97.2333333","242.0","EMERSON AUT MAN, CA","  70.6"," 8","  62.4"," 8","1009.6"," 8","982.8"," 8","999.9"," 0","  8.7"," 8"," 14.0","999.9","  86.0"," ","  58.8"," "," 0.00","G","999.9","000000"
"71560099999","2024-09-05","49.0","-97.2333333","242.0","EMERSON AUT MAN, CA","  60.6"," 8","  52.7"," 8","1021.7"," 8","993.9"," 8","999.9"," 0","  7.5"," 8"," 11.1","999.9","  74.5"," ","  51.8"," "," 0.00","G","999.9","000000"
"71560099999","2024-09-06","49.0","-97.2333333","242.0","EMERSON AUT MAN, CA","  55.7"," 8","  47.5"," 8","1024.5"," 8","996.2"," 8","999.9"," 0","  5.4"," 8","  7.0","999.9","  68.5"," ","  43.5"," "," 0.00","G","999.9","000000"
"71560099999","2024-09-07","49.0","-97.2333333","242.0","EMERSON AUT MAN, CA","  55.6"," 8","  45.7"," 8","1022.8"," 8","994.3"," 8","999.9"," 0","  5.2"," 8"," 13.0","999.9","  73.2","*","  41.4","*"," 0.00","G","999.9","000000"
"71560099999","2024-09-08","49.0","-97.2333333","242.0","EMERSON AUT MAN, CA","  64.4"," 8","  51.1"," 8","1012.4"," 8","984.8"," 8","999.9"," 0","  6.0"," 8"," 11.1","999.9","  83.1","*","  46.8","*"," 0.00","G","999.9","000000"
"71560099999","2024-09-09","49.0","-97.2333333","242.0","EMERSON AUT MAN, CA","  68.5"," 8","  58.1"," 8","1010.7"," 8","983.6"," 8","999.9"," 0","  6.9"," 8"," 12.0","999.9","  84.7","*","  53.6","*"," 0.00","G","999.9","000000"
"71560099999","2024-09-10","49.0","-97.2333333","242.0","EMERSON AUT MAN, CA","  70.8"," 8","  60.9"," 8","1004.9"," 8","978.2"," 8","999.9"," 0","  9.1"," 8"," 11.1","999.9","  84.7"," ","  52.9"," "," 0.00","G","999.9","000000"
"71560099999","2024-09-11","49.0","-97.2333333","242.0","EMERSON AUT MAN, CA","  62.2"," 8","  56.3"," 8","1010.8"," 8","983.4"," 8","999.9"," 0","  6.2"," 8","  9.9","999.9","  82.2"," ","  48.9"," "," 0.00","G","999.9","000000"
"71560099999","2024-09-12","49.0","-97.2333333","242.0","EMERSON AUT MAN, CA","  69.0"," 8","  59.3"," 8","1010.3"," 8","983.1"," 8","999.9"," 0","  8.5"," 8"," 17.1","999.9","  85.1","*","  60.3","*"," 0.00","G","999.9","000000"
"71560099999","2024-09-13","49.0","-97.2333333","242.0","EMERSON AUT MAN, CA","  73.5"," 5","  58.6"," 5","1008.9"," 5","982.3"," 5","999.9"," 0"," 11.8"," 5"," 14.0","999.9","  86.9"," ","  60.1"," "," 0.00","G","999.9","000000"
"71560099999","2024-09-14","49.0","-97.2333333","242.0","EMERSON AUT MAN, CA","  66.8"," 8","  60.5"," 8","1012.1"," 8","984.9"," 8","999.9"," 0","  7.4"," 8"," 12.0","999.9","  79.5","*","  59.0","*"," 0.09","G","999.9","000000"
"71560099999","2024-09-15","49.0","-97.2333333","242.0","EMERSON AUT MAN, CA","  73.1"," 8","  61.0"," 8","1009.9"," 8","983.1"," 8","999.9"," 0","  8.9"," 8"," 14.0","999.9","  85.5","*","  66.9","*"," 0.00","G","999.9","000000"
"71560099999","2024-09-16","49.0","-97.2333333","242.0","EMERSON AUT MAN, CA","  66.3"," 8","  61.1"," 8","1012.2"," 8","985.2"," 8","999.9"," 0","  6.1"," 8"," 11.1","999.9","  85.6"," ","  57.7"," "," 0.06","G","999.9","000000"
"71560099999","2024-09-17","49.0","-97.2333333","242.0","EMERSON AUT MAN, CA","  66.5"," 8","  65.5"," 8","1007.9"," 8","980.7"," 8","999.9"," 0","  8.1"," 8"," 15.9","999.9","  75.9"," ","  57.7"," "," 1.93","G","999.9","000000"
"71560099999","2024-09-18","49.0","-97.2333333","242.0","EMERSON AUT MAN, CA","  68.1"," 8","  66.7"," 8","1004.7"," 8","977.7"," 8","999.9"," 0","  8.0"," 8"," 13.0","999.9","  79.0","*","  63.0","*"," 0.28","G","999.9","000000"
"71560099999","2024-09-19","49.0","-97.2333333","242.0","EMERSON AUT MAN, CA","  69.7"," 8","  65.2"," 8"," 997.8"," 8","971.3"," 8","999.9"," 0"," 12.6"," 8"," 20.0","999.9","  80.2"," ","  62.8"," "," 0.02","G","999.9","000000"
"71560099999","2024-09-20","49.0","-97.2333333","242.0","EMERSON AUT MAN, CA","  64.6"," 8","  54.4"," 8","1000.4"," 8","973.3"," 8","999.9"," 0"," 11.2"," 8"," 17.1","999.9","  75.2","*","  55.4","*"," 0.00","G","999.9","000000"
"71560099999","2024-09-21","49.0","-97.2333333","242.0","EMERSON AUT MAN, CA","  62.7"," 8","  52.9"," 8","1005.5"," 8","978.3"," 8","999.9"," 0"," 10.5"," 8"," 18.1","999.9","  75.7"," ","  54.1"," "," 0.03","G","999.9","000000"
"71560099999","2024-09-22","49.0","-97.2333333","242.0","EMERSON AUT MAN, CA","  53.1"," 8","  44.4"," 8","1017.3"," 8","988.9"," 8","999.9"," 0","  5.0"," 8","  8.0","999.9","  65.8","*","  40.5","*"," 0.00","G","999.9","000000"
"71560099999","2024-09-23","49.0","-97.2333333","242.0","EMERSON AUT MAN, CA","  57.7"," 8","  45.3"," 8","1010.2"," 8","982.3"," 8","999.9"," 0","  8.7"," 8"," 15.0","999.9","  67.3"," ","  39.2"," "," 0.00","G","999.9","000000"
"71560099999","2024-09-24","49.0","-97.2333333","242.0","EMERSON AUT MAN, CA","  58.9"," 8","  51.1"," 8","1005.6"," 8","977.9"," 8","999.9"," 0","  5.4"," 8","  8.9","999.9","  72.1","*","  49.1","*"," 0.00","G","999.9","000000"
"71560099999","2024-09-25","49.0","-97.2333333","242.0","EMERSON AUT MAN, CA","  64.0"," 8","  52.2"," 8","1009.0"," 8","981.6"," 8","999.9"," 0","  5.5"," 8","  7.0","999.9","  84.0","*","  52.0","*"," 0.00","G","999.9","000000"
"71560099999","2024-09-26","49.0","-97.2333333","242.0","EMERSON AUT MAN, CA","  69.8"," 8","  53.1"," 8","1007.3"," 8","980.4"," 8","999.9"," 0"," 11.5"," 8"," 22.0","999.9","  85.5"," ","  50.4"," "," 0.00","G","999.9","000000"
"71560099999","2024-09-27","49.0","-97.2333333","242.0","EMERSON AUT MAN, CA","  65.2"," 8","  48.9"," 8","1011.4"," 8","984.3"," 8","999.9"," 0","  8.0"," 8"," 18.1","999.9","  85.6"," ","  46.4"," "," 0.00","G","999.9","000000"
"71560099999","2024-09-28","49.0","-97.2333333","242.0","EMERSON AUT MAN, CA","  61.8"," 7","  48.9"," 7","1014.1"," 7","986.5"," 7","999.9"," 0","  6.4"," 7","  8.9","999.9","  75.6"," ","  46.4"," "," 0.00","G","999.9","000000"
"71560099999","2024-09-29","49.0","-97.2333333","242.0","EMERSON AUT MAN, CA","  65.5"," 7","  49.3"," 7","1015.1"," 7","987.7"," 7","999.9"," 0"," 11.0"," 7"," 24.1","999.9","  84.4","*","  53.4","*"," 0.00","C","999.9","000000"
"71560099999","2024-09-30","49.0","-97.2333333","242.0","EMERSON AUT MAN, CA","  68.4"," 7","  46.6"," 7","1002.8"," 7","976.0"," 7","999.9"," 0"," 21.9"," 7"," 33.0","999.9","  84.9"," ","  44.4"," "," 0.00","G","999.9","000000"
"71560099999","2024-10-01","49.0","-97.2333333","242.0","EMERSON AUT MAN, CA","  50.6"," 8","  31.6"," 8","1016.9"," 8","988.4"," 8","999.9"," 0"," 11.6"," 8"," 18.1","999.9","  73.6"," ","  34.5"," "," 0.00","G","999.9","000000"
"71560099999","2024-10-02","49.0","-97.2333333","242.0","EMERSON AUT MAN, CA","  57.8"," 8","  37.2"," 8","1004.0"," 8","976.2"," 8","999.9"," 0"," 10.9"," 8"," 15.9","999.9","  62.8","*","  52.0","*"," 0.00","G","999.9","000000"
"71560099999","2024-10-03","49.0","-97.2333333","242.0","EMERSON AUT MAN, CA","  47.8"," 8","  34.0"," 8","1014.3"," 8","985.8"," 8","999.9"," 0"," 11.4"," 8"," 18.1","999.9","  65.8"," ","  34.0"," "," 0.00","G","999.9","000000"
"71560099999","2024-10-04","49.0","-97.2333333","242.0","EMERSON AUT MAN, CA","  46.0"," 8","  33.1"," 8","1020.9"," 8","991.7"," 8","999.9"," 0","  5.1"," 8"," 14.0","999.9","  66.2","*","  32.0","*"," 0.02","G","999.9","000000"
"71560099999","2024-10-05","49.0","-97.2333333","242.0","EMERSON AUT MAN, CA","  60.3"," 8","  36.5"," 8","1002.7"," 8","975.0"," 8","999.9"," 0"," 16.8"," 8"," 25.1","999.9","  66.2","*","  55.6","*"," 0.00","G","999.9","000000"
"71560099999","2024-10-06","49.0","-97.2333333","242.0","EMERSON AUT MAN, CA","  48.7"," 8","  33.3"," 8","1012.1"," 8","983.7"," 8","999.9"," 0"," 22.0"," 8"," 28.9","999.9","  68.2"," ","  39.9"," "," 0.00","G","999.9","000000"
"71560099999","2024-10-07","49.0","-97.2333333","242.0","EMERSON AUT MAN, CA","  49.9"," 8","  33.9"," 8","1018.8"," 8","990.0"," 8","999.9"," 0","  7.1"," 8","  8.9","999.9","  64.8","*","  38.8","*"," 0.02","G","999.9","000000"
"71560099999","2024-10-08","49.0","-97.2333333","242.0","EMERSON AUT MAN, CA","  52.6"," 8","  32.7"," 8","1016.6"," 8","988.0"," 8","999.9"," 0","  5.5"," 8","  9.9","999.9","  70.5","*","  42.6","*"," 0.00","G","999.9","000000"
"71560099999","2024-10-09","49.0","-97.2333333","242.0","EMERSON AUT MAN, CA","  57.9"," 8","  39.1"," 8","1012.3"," 8","984.3"," 8","999.9"," 0"," 10.5"," 8"," 17.1","999.9","  73.6","*","  49.1","*"," 0.00","G","999.9","000000"
"71560099999","2024-10-10","49.0","-97.2333333","242.0","EMERSON AUT MAN, CA","  61.0"," 8","  43.9"," 8","1009.8"," 8","982.2"," 8","999.9"," 0","  8.5"," 8"," 13.0","999.9","  80.1","*","  47.5","*"," 0.00","G","999.9","000000"
"71560099999","2024-10-11","49.0","-97.2333333","242.0","EMERSON AUT MAN, CA","  54.4"," 8","  43.3"," 8","1018.4"," 8","990.2"," 8","999.9"," 0"," 11.9"," 8"," 18.1","999.9","  66.2","*","  43.9","*"," 0.00","G","999.9","000000"
"71560099999","2024-10-12","49.0","-97.2333333","242.0","EMERSON AUT MAN, CA","  48.4"," 8","  35.8"," 8","1019.8"," 8","990.9"," 8","999.9"," 0","  4.1"," 8","  8.0","999.9","  60.6"," ","  38.5"," "," 0.00","G","999.9","000000"
"71560099999","2024-10-13","49.0","-97.2333333","242.0","EMERSON AUT MAN, CA","  45.5"," 8","  42.3"," 8","1020.7"," 8","991.6"," 8","999.9"," 0"," 14.7"," 8"," 15.9","999.9","  59.2"," ","  38.7"," "," 0.24","G","999.9","000000"
"71560099999","2024-10-14","49.0","-97.2333333","242.0","EMERSON AUT MAN, CA","  40.4"," 8","  36.1"," 8","1026.9"," 8","997.1"," 8","999.9"," 0","  4.9"," 8","  9.9","999.9","  52.7"," ","  32.2"," "," 0.00","G","999.9","000000"
"71560099999","2024-10-15","49.0","-97.2333333","242.0","EMERSON AUT MAN, CA","  36.2"," 8","  29.1"," 8","1031.9"," 8","001.7"," 8","999.9"," 0","  6.9"," 8"," 14.0","999.9","  49.8","*","  23.5","*"," 0.00","G","999.9","000000"
"71560099999","2024-10-16","49.0","-97.2333333","242.0","EMERSON AUT MAN, CA","  45.1"," 7","  29.3"," 7","1020.9"," 7","991.5"," 7","999.9"," 0"," 15.9"," 7"," 20.0","999.9","  61.9","*","  39.7","*"," 0.00","G","999.9","000000"
"71560099999","2024-10-17","49.0","-97.2333333","242.0","EMERSON AUT MAN, CA","  53.5"," 8","  29.6"," 8","1002.5"," 8","974.4"," 8","999.9"," 0"," 14.3"," 8"," 20.0","999.9","  66.4","*","  45.7","*"," 0.00","C","999.9","000000"
"71560099999","2024-10-18","49.0","-97.2333333","242.0","EMERSON AUT MAN, CA","  51.6"," 8","  42.4"," 8","1011.2"," 8","983.0"," 8","999.9"," 0","  6.1"," 8","  9.9","999.9","  67.1"," ","  44.6"," "," 0.20","G","999.9","000000"
"71560099999","2024-10-19","49.0","-97.2333333","242.0","EMERSON AUT MAN, CA","  45.3"," 8","  43.0"," 8","1023.0"," 8","993.8"," 8","999.9"," 0","  6.8"," 8"," 18.1","999.9","  57.7","*","  35.4","*"," 0.00","G","999.9","000000"
"71560099999","2024-10-20","49.0","-97.2333333","242.0","EMERSON AUT MAN, CA","  52.3"," 8","  45.2"," 8","1012.6"," 8","984.0"," 8","999.9"," 0","  9.1"," 8"," 12.0","999.9","  69.8","*","  45.0","*"," 0.00","G","999.9","000000"
"71560099999","2024-10-21","49.0","-97.2333333","242.0","EMERSON AUT MAN, CA","  52.1"," 8","  44.6"," 8","1011.6"," 8","983.2"," 8","999.9"," 0","  5.5"," 8","  8.9","999.9","  73.4","*","  36.5","*"," 0.00","G","999.9","000000"
"71560099999","2024-10-22","49.0","-97.2333333","242.0","EMERSON AUT MAN, CA","  52.6"," 8","  49.0"," 8","1007.2"," 8","979.2"," 8","999.9"," 0"," 12.1"," 8"," 21.0","999.9","  74.3"," ","  33.4"," "," 0.04","G","999.9","000000"
"71560099999","2024-10-23","49.0","-97.2333333","242.0","EMERSON AUT MAN, CA","  41.6"," 8","  36.0"," 8","1017.9"," 8","988.5"," 8","999.9"," 0"," 10.8"," 8"," 19.0","999.9","  59.0"," ","  35.2"," "," 0.01","G","999.9","000000"
"71560099999","2024-10-24","49.0","-97.2333333","242.0","EMERSON AUT MAN, CA","  41.9"," 8","  34.6"," 8","1011.8"," 8","982.7"," 8","999.9"," 0","  5.9"," 8","  8.9","999.9","  57.2"," ","  28.6"," "," 0.00","G","999.9","000000"
"71560099999","2024-10-25","49.0","-97.2333333","242.0","EMERSON AUT MAN, CA","  40.0"," 8","  30.3"," 8","1019.3"," 8","989.6"," 8","999.9"," 0","  9.0"," 8"," 15.0","999.9","  51.1"," ","  28.6"," "," 0.00","G","999.9","000000"
"71560099999","2024-10-26","49.0","-97.2333333","242.0","EMERSON AUT MAN, CA","  32.5"," 7","  22.6"," 7","1028.9"," 7","998.6"," 7","999.9"," 0","  4.6"," 7","  6.0","999.9","  52.3"," ","  21.7"," "," 0.00","G","999.9","000000"
"71560099999","2024-10-27","49.0","-97.2333333","242.0","EMERSON AUT MAN, CA","  43.8"," 8","  31.4"," 8","1017.7"," 8","988.3"," 8","999.9"," 0","  6.1"," 8","  8.9","999.9","  56.8","*","  34.0","*"," 0.00","G","999.9","000000"
"71560099999","2024-10-28","49.0","-97.2333333","242.0","EMERSON AUT MAN, CA","  48.0"," 8","  36.7"," 8","1004.7"," 8","976.1"," 8","999.9"," 0","  7.4"," 8","  9.9","999.9","  59.7","*","  39.9","*"," 0.00","G","999.9","000000"
"71560099999","2024-10-29","49.0","-97.2333333","242.0","EMERSON AUT MAN, CA","  43.1"," 8","  35.9"," 8","1006.1"," 8","977.2"," 8","999.9"," 0","  6.0"," 8","  9.9","999.9","  60.4"," ","  35.1"," "," 0.00","G","999.9","000000"
"71560099999","2024-10-30","49.0","-97.2333333","242.0","EMERSON AUT MAN, CA","  41.7"," 8","  31.7"," 8","1015.5"," 8","986.3"," 8","999.9"," 0","  9.2"," 8"," 13.0","999.9","  51.8"," ","  27.3"," "," 0.00","G","999.9","000000"
"71560099999","2024-10-31","49.0","-97.2333333","242.0","EMERSON AUT MAN, CA","  29.7"," 8","  21.0"," 8","1020.2"," 8","989.8"," 8","999.9"," 0","  4.4"," 8","  5.1","999.9","  47.5"," ","  18.1"," "," 0.00","G","999.9","000000"
"71560099999","2024-11-01","49.0","-97.2333333","242.0","EMERSON AUT MAN, CA","  34.7"," 8","  23.7"," 8","1022.4"," 8","992.1"," 8","999.9"," 0","  4.9"," 8","  8.9","999.9","  48.0","*","  27.3","*"," 0.00","G","999.9","000000"
"71560099999","2024-11-02","49.0","-97.2333333","242.0","EMERSON AUT MAN, CA","  39.6"," 8","  29.3"," 8","1021.0"," 8","991.2"," 8","999.9"," 0","  4.3"," 8","  9.9","999.9","  48.6"," ","  24.8"," "," 0.00","G","999.9","000000"
"71560099999","2024-11-03","49.0","-97.2333333","242.0","EMERSON AUT MAN, CA","  43.7"," 8","  41.4"," 8","1012.5"," 8","983.3"," 8","999.9"," 0","  9.6"," 8"," 11.1","999.9","  48.9"," ","  30.2"," "," 0.45","G","999.9","000000"
"71560099999","2024-11-04","49.0","-97.2333333","242.0","EMERSON AUT MAN, CA","  44.6"," 7","  44.2"," 7","1005.4"," 7","976.7"," 7","999.9"," 0","  7.2"," 7"," 17.1","999.9","  49.5"," ","  40.6"," "," 0.63","G","999.9","000000"
"71560099999","2024-11-05","49.0","-97.2333333","242.0","EMERSON AUT MAN, CA","  33.4"," 8","  32.5"," 8","1009.2"," 8","979.5"," 8","999.9"," 0","  6.4"," 8","  8.9","999.9","  45.0"," ","  28.4"," "," 0.01","G","999.9","000000"
"71560099999","2024-11-06","49.0","-97.2333333","242.0","EMERSON AUT MAN, CA","  34.7"," 8","  33.0"," 8","1017.1"," 8","987.1"," 8","999.9"," 0","  4.1"," 8","  8.0","999.9","  37.8"," ","  28.4"," "," 0.00","G","999.9","000000"
"71560099999","2024-11-07","49.0","-97.2333333","242.0","EMERSON AUT MAN, CA","  38.0"," 8","  34.4"," 8","1019.5"," 8","989.5"," 8","999.9"," 0"," 10.1"," 8"," 18.1","999.9","  51.6","*","  31.5","*"," 0.00","G","999.9","000000"
"71560099999","2024-11-08","49.0","-97.2333333","242.0","EMERSON AUT MAN, CA","  37.7"," 8","  32.2"," 8","1023.0"," 8","993.1"," 8","999.9"," 0","  5.1"," 8"," 12.0","999.9","  52.3"," ","  27.0"," "," 0.00","G","999.9","000000"
"71560099999","2024-11-09","49.0","-97.2333333","242.0","EMERSON AUT MAN, CA","  42.4"," 8","  35.0"," 8","1016.2"," 8","986.8"," 8","999.9"," 0"," 13.2"," 8"," 19.0","999.9","  54.1","*","  37.2","*"," 0.00","G","999.9","000000"
"71560099999","2024-11-10","49.0","-97.2333333","242.0","EMERSON AUT MAN, CA","  48.4"," 8","  44.5"," 8","1007.3"," 8","978.7"," 8","999.9"," 0","  9.9"," 8"," 17.1","999.9","  56.3","*","  42.8","*"," 0.00","G","999.9","000000"
"71560099999","2024-11-11","49.0","-97.2333333","242.0","EMERSON AUT MAN, CA","  36.3"," 8","  31.8"," 8","1018.7"," 8","989.1"," 8","999.9"," 0"," 13.4"," 8"," 25.1","999.9","  57.0"," ","  33.1"," "," 0.00","G","999.9","000000"
"71560099999","2024-11-12","49.0","-97.2333333","242.0","EMERSON AUT MAN, CA","  36.2"," 8","  28.3"," 8","1016.3"," 8","986.4"," 8","999.9"," 0"," 14.5"," 8"," 22.9","999.9","  48.0","*","  30.0","*"," 0.00","G","999.9","000000"
"71560099999","2024-11-13","49.0","-97.2333333","242.0","EMERSON AUT MAN, CA","  43.2"," 8","  37.7"," 8","1009.3"," 8","980.2"," 8","999.9"," 0"," 10.8"," 8"," 15.0","999.9","  48.4"," ","  30.6"," "," 0.02","G","999.9","000000"
"71560099999","2024-11-14","49.0","-97.2333333","242.0","EMERSON AUT MAN, CA","  40.3"," 8","  39.9"," 8","1014.3"," 8","984.9"," 8","999.9"," 0","  4.8"," 8","  8.0","999.9","  45.0","*","  37.8","*"," 0.01","G","999.9","000000"
"71560099999","2024-11-15","49.0","-97.2333333","242.0","EMERSON AUT MAN, CA","  39.9"," 8","  37.4"," 8","1013.3"," 8","983.8"," 8","999.9"," 0","  8.7"," 8"," 15.0","999.9","  51.3","*","  33.1","*"," 0.00","G","999.9","000000"
"71560099999","2024-11-16","49.0","-97.2333333","242.0","EMERSON AUT MAN, CA","  42.1"," 8","  38.5"," 8","1007.4"," 8","978.2"," 8","999.9"," 0","  6.1"," 8","  8.9","999.9","  51.3"," ","  31.3"," "," 0.00","G","999.9","000000"
"71560099999","2024-11-17","49.0","-97.2333333","242.0","EMERSON AUT MAN, CA","  40.5"," 8","  37.4"," 8"," 999.0"," 8","970.1"," 8","999.9"," 0"," 11.5"," 8"," 17.1","999.9","  48.2"," ","  33.6"," "," 0.03","G","999.9","000000"
"71560099999","2024-11-22","49.0","-97.2333333","242.0","EMERSON AUT MAN, CA","  18.2"," 8","  15.6"," 8","1025.8"," 8","994.2"," 8","999.9"," 0","  5.0"," 8","  9.9","999.9","  27.9"," ","  11.3"," "," 0.00","G","  1.6","000000"
"71560099999","2024-11-23","49.0","-97.2333333","242.0","EMERSON AUT MAN, CA","  17.2"," 8","  14.7"," 8","1022.9"," 8","991.2"," 8","999.9"," 0","  7.5"," 8"," 11.1","999.9","  25.3"," ","   9.1"," "," 0.00","G","  1.6","000000"
"71560099999","2024-11-24","49.0","-97.2333333","242.0","EMERSON AUT MAN, CA","  22.8"," 8","  20.3"," 8","1017.6"," 8","986.3"," 8","999.9"," 0","  4.8"," 8","  7.0","999.9","  27.7","*","  18.5","*"," 0.00","G","  2.4","000000"
"71560099999","2024-11-25","49.0","-97.2333333","242.0","EMERSON AUT MAN, CA","  15.0"," 8","  11.4"," 8","1020.8"," 8","989.2"," 8","999.9"," 0","  8.9"," 8"," 15.0","999.9","  28.0"," ","   5.2"," "," 0.00","G","  1.6","000000"
"71560099999","2024-11-26","49.0","-97.2333333","242.0","EMERSON AUT MAN, CA","  13.5"," 7","  10.9"," 7","1023.3"," 7","991.0"," 7","999.9"," 0"," 13.1"," 7"," 17.1","999.9","  18.9"," ","   5.2"," "," 0.00","G","  1.2","000000"
"71560099999","2024-11-27","49.0","-97.2333333","242.0","EMERSON AUT MAN, CA","  15.8"," 8","  15.5"," 8","1022.2"," 8","990.3"," 8","999.9"," 0","  5.4"," 8","  7.0","999.9","  18.1","*","  14.4","*"," 0.00","G","  1.2","000000"
"71560099999","2024-11-28","49.0","-97.2333333","242.0","EMERSON AUT MAN, CA","  14.6"," 8","  12.6"," 8","1023.1"," 8","991.1"," 8","999.9"," 0"," 10.5"," 8"," 17.1","999.9","  18.1"," ","  12.2"," "," 0.03","G","  2.0","000000"
"71560099999","2024-11-29","49.0","-97.2333333","242.0","EMERSON AUT MAN, CA","   5.3"," 8","  -0.4"," 8","1029.1"," 8","996.2"," 8","999.9"," 0"," 14.1"," 8"," 15.9","999.9","  15.6"," ","  -0.4"," "," 0.00","G","  1.2","000000"
"71560099999","2024-11-30","49.0","-97.2333333","242.0","EMERSON AUT MAN, CA","  -5.3"," 8"," -10.9"," 8","1030.2"," 8","996.1"," 8","999.9"," 0","  8.8"," 8"," 11.1","999.9","   7.5"," ","  -9.9"," "," 0.00","G","  1.2","000000"
"71560099999","2024-12-02","49.0","-97.2333333","242.0","EMERSON AUT MAN, CA","   7.1"," 8","   4.5"," 8","1037.7"," 8","004.6"," 8","999.9"," 0","  8.4"," 8"," 13.0","999.9","  13.6"," ","  -1.3"," "," 0.04","G","  4.7","000000"
"71560099999","2024-12-03","49.0","-97.2333333","242.0","EMERSON AUT MAN, CA","   7.2"," 6","   4.5"," 6","1030.4"," 6","997.3"," 6","999.9"," 0","  8.7"," 6"," 17.1","999.9","  14.2","*","   0.5","*"," 0.00","G","  4.3","000000"
"71560099999","2024-12-04","49.0","-97.2333333","242.0","EMERSON AUT MAN, CA","  16.1"," 8","  12.9"," 8","1013.9"," 8","982.5"," 8","999.9"," 0"," 22.1"," 8"," 33.0","999.9","  33.8"," ","   4.1"," "," 0.01","G","  2.0","000000"
"71560099999","2024-12-05","49.0","-97.2333333","242.0","EMERSON AUT MAN, CA","   4.1"," 8","  -0.2"," 8","1034.1"," 8","000.7"," 8","999.9"," 0"," 13.9"," 8"," 27.0","999.9","  10.6","*","  -1.3","*"," 0.00","G","999.9","000000"
"71560099999","2024-12-06","49.0","-97.2333333","242.0","EMERSON AUT MAN, CA","  19.9"," 8","  17.8"," 8","1021.5"," 8","989.6"," 8","999.9"," 0","  7.7"," 8"," 15.9","999.9","  23.0","*","  12.9","*"," 0.00","G","999.9","000000"
"71560099999","2024-12-07","49.0","-97.2333333","242.0","EMERSON AUT MAN, CA","  29.4"," 8","  28.3"," 8","1006.0"," 8","975.6"," 8","999.9"," 0","  6.8"," 8","  8.9","999.9","  37.6","*","  23.2","*"," 0.00","G","999.9","000000"
"71560099999","2024-12-08","49.0","-97.2333333","242.0","EMERSON AUT MAN, CA","  33.4"," 8","  32.9"," 8","1003.8"," 8","974.1"," 8","999.9"," 0","  5.2"," 8"," 11.1","999.9","  38.1"," ","  24.1"," "," 0.09","G","999.9","000000"
"71560099999","2024-12-09","49.0","-97.2333333","242.0","EMERSON AUT MAN, CA","  22.6"," 8","  22.1"," 8","1004.5"," 8","974.2"," 8","999.9"," 0"," 16.6"," 8"," 26.0","999.9","  34.2"," ","  12.0"," "," 0.41","G","  6.3","000000"
"71560099999","2024-12-10","49.0","-97.2333333","242.0","EMERSON AUT MAN, CA","  16.9"," 8","  14.9"," 8","1018.8"," 8","987.1"," 8","999.9"," 0"," 10.2"," 8"," 22.0","999.9","  30.4"," ","  11.7"," "," 0.03","G","  6.7","000000"
"71560099999","2024-12-11","49.0","-97.2333333","242.0","EMERSON AUT MAN, CA","  -7.3"," 8"," -13.0"," 8","1026.4"," 8","992.8"," 8","999.9"," 0"," 15.4"," 8"," 25.1","999.9","  18.3"," "," -15.0"," "," 0.01","G","  5.9","000000"
"71560099999","2024-12-12","49.0","-97.2333333","242.0","EMERSON AUT MAN, CA"," -17.0"," 8"," -23.3"," 8","1033.6"," 8","998.0"," 8","999.9"," 0","  4.6"," 8","  7.0","999.9","  -5.8"," "," -23.4"," "," 0.00","G","  5.9","000000"
"71560099999","2024-12-13","49.0","-97.2333333","242.0","EMERSON AUT MAN, CA","  -5.3"," 8"," -10.9"," 8","1035.4"," 8","000.5"," 8","999.9"," 0","  8.4"," 8"," 15.0","999.9","  10.0","*"," -13.7","*"," 0.00","G","  5.9","000000"
"71560099999","2024-12-14","49.0","-97.2333333","242.0","EMERSON AUT MAN, CA","  16.9"," 8","  10.6"," 8","1027.4"," 8","995.0"," 8","999.9"," 0"," 12.2"," 8"," 14.0","999.9","  22.5","*","  10.4","*"," 0.00","G","  5.5","000000"
"71560099999","2024-12-15","49.0","-97.2333333","242.0","EMERSON AUT MAN, CA","  26.8"," 8","  26.7"," 8","1016.9"," 8","985.9"," 8","999.9"," 0","  9.9"," 8"," 13.0","999.9","  32.7","*","  21.9","*"," 0.00","G","  5.1","000000"
"71560099999","2024-12-16","49.0","-97.2333333","242.0","EMERSON AUT MAN, CA","  30.0"," 8","  29.8"," 8","1006.4"," 8","976.3"," 8","999.9"," 0"," 11.8"," 8"," 22.0","999.9","  33.4"," ","  24.4"," "," 0.12","G","  5.9","000000"
"71560099999","2024-12-17","49.0","-97.2333333","242.0","EMERSON AUT MAN, CA","  18.4"," 7","  15.0"," 7","1022.8"," 7","991.3"," 7","999.9"," 0"," 14.7"," 7"," 24.1","999.9","  22.6","*","  16.2","*"," 0.06","G","  5.9","000000"
"71560099999","2024-12-18","49.0","-97.2333333","242.0","EMERSON AUT MAN, CA","   5.9"," 6","   0.4"," 6","1033.6"," 6","000.9"," 6","999.9"," 0","  6.8"," 6"," 12.0","999.9","  16.9","*","  -8.0","*"," 0.00","G","  5.9","000000"
"71560099999","2024-12-19","49.0","-97.2333333","242.0","EMERSON AUT MAN, CA","   4.4"," 8","  -0.1"," 8","1027.9"," 8","994.4"," 8","999.9"," 0"," 12.0"," 8"," 18.1","999.9","  15.3"," ","  -8.3"," "," 0.08","G"," 10.6","000000"
"71560099999","2024-12-20","49.0","-97.2333333","242.0","EMERSON AUT MAN, CA"," -10.4"," 7"," -15.1"," 7","1040.0"," 7","005.5"," 7","999.9"," 0","  5.0"," 7"," 12.0","999.9","   7.9"," "," -20.9"," "," 0.01","G","  6.3","000000"
"71560099999","2024-12-21","49.0","-97.2333333","242.0","EMERSON AUT MAN, CA","   1.5"," 8","  -3.9"," 8","1033.0"," 8","998.7"," 8","999.9"," 0","  9.8"," 8"," 15.9","999.9","  15.4","*"," -12.5","*"," 0.00","G","  6.7","000000"
"71560099999","2024-12-22","49.0","-97.2333333","242.0","EMERSON AUT MAN, CA","  15.8"," 8","  12.1"," 8","1018.5"," 8","986.7"," 8","999.9"," 0","  6.8"," 8","  9.9","999.9","  18.9","*","  12.0","*"," 0.00","G","  5.9","000000"
"71560099999","2024-12-23","49.0","-97.2333333","242.0","EMERSON AUT MAN, CA","  15.5"," 8","  15.2"," 8","1022.4"," 8","990.4"," 8","999.9"," 0","  5.0"," 8"," 11.1","999.9","  19.8"," ","   8.8"," "," 0.00","G","  5.9","000000"
"71560099999","2024-12-24","49.0","-97.2333333","242.0","EMERSON AUT MAN, CA","  16.3"," 8","  15.9"," 8","1023.4"," 8","991.5"," 8","999.9"," 0"," 11.5"," 8"," 15.9","999.9","  20.7","*","  14.0","*"," 0.00","G","  5.9","000000"
"71560099999","2024-12-25","49.0","-97.2333333","242.0","EMERSON AUT MAN, CA","  24.8"," 8","  24.8"," 8","1017.2"," 8","986.1"," 8","999.9"," 0"," 15.2"," 8"," 17.1","999.9","  30.4","*","  20.1","*"," 0.00","G","  5.9","000000"
"71560099999","2024-12-26","49.0","-97.2333333","242.0","EMERSON AUT MAN, CA","  31.2"," 8","  31.0"," 8","1010.6"," 8","980.4"," 8","999.9"," 0"," 17.3"," 8"," 21.0","999.9","  32.5"," ","  24.3"," "," 0.00","G","  5.1","000000"
"71560099999","2024-12-27","49.0","-97.2333333","242.0","EMERSON AUT MAN, CA","  33.1"," 8","  33.0"," 8","1005.7"," 8","975.8"," 8","999.9"," 0"," 10.6"," 8"," 14.0","999.9","  35.8","*","  28.9","*"," 0.00","G","  5.5","000000"
"71560099999","2024-12-28","49.0","-97.2333333","242.0","EMERSON AUT MAN, CA","  31.5"," 8","  30.0"," 8","1004.6"," 8","974.8"," 8","999.9"," 0","  8.0"," 8"," 12.0","999.9","  36.0"," ","  23.2"," "," 0.02","G","  3.9","000000"
"71560099999","2024-12-29","49.0","-97.2333333","242.0","EMERSON AUT MAN, CA","  19.0"," 8","  18.6"," 8","1010.7"," 8","979.8"," 8","999.9"," 0","  2.1"," 8","  7.0","999.9","  35.2"," ","  10.0"," "," 0.00","G","  3.5","000000"
"71560099999","2024-12-30","49.0","-97.2333333","242.0","EMERSON AUT MAN, CA","  19.5"," 8","  19.5"," 8","1011.3"," 8","980.1"," 8","999.9"," 0","  1.9"," 8","  6.0","999.9","  23.0"," ","  10.0"," "," 0.00","G","  3.9","000000"
"71560099999","2024-12-31","49.0","-97.2333333","242.0","EMERSON AUT MAN, CA","  21.4"," 8","  20.1"," 8","1017.4"," 8","986.2"," 8","999.9"," 0","  9.7"," 8"," 15.9","999.9","  25.2"," ","  16.2"," "," 0.00","G","  3.9","000000"
